id,numerozona,nomezona,numeromuni,nomemunici,numdistrit,nomedistri,area_ha_2,nome,domicilios,familias,populacao,matriculas,empregos,automoveis,viagens_produzidas,viagens_atraidas,renda_total,renda_media_familiar,renda_per_capita,renda_mediana_familiar,nenhum_auto,1_auto,2_auto,3_ou_mais_auto,total_familias,area_arbor,area_arb_1,indicador_massa_arborea,centroid_lat,centroid_long
68,68,Chácara Itaim,36,São Paulo,34,Itaim Bibi,"204,01",Chácara Itaim,12783,12783,27460,6213,73566,11339,171851,171156,81689560,6390,2975,6483,3411,6816,2556,0,12783,"49,1391847219857",491392,"0,240866549296533","-23,585015524667","-46,6802704004152"
2,2,Parque Dom Pedro,36,São Paulo,80,Sé,"113,64",Parque Dom Pedro,2342,2342,5695,1433,51854,891,137232,138306,7270945,3105,1277,2884,1471,871,0,0,2342,"17,755059184715",177551,"0,156239521160815","-23,5441367388615","-46,6297602209173"
87,87,Sumaré,36,São Paulo,61,Perdizes,"139,16",Sumaré,6893,6893,16354,2774,10844,6241,44504,44601,55069703,7989,3367,6949,1833,3693,1248,119,6893,"41,6597388959911",416597,"0,299365758091342","-23,544326895062","-46,6841148335684"
55,55,França Pinto,36,São Paulo,92,Vila Mariana,"112,14",França Pinto,6384,6384,15518,10615,15678,6203,50466,51186,36108364,5656,2327,5224,1278,4154,845,107,6384,"19,2533602523156",192534,"0,171690389266235","-23,5898229074505","-46,6415793617913"
97,97,Boaçava,36,São Paulo,2,Alto de Pinheiros,"314,44",Boaçava,6266,6266,16610,1638,13939,7688,43776,43380,55064339,8788,3315,7223,965,3526,1331,444,6266,"154,258253485217",1542583,"0,490580885018499","-23,5436394937917","-46,7208948925076"
59,59,Saúde,36,São Paulo,79,Saúde,"260,81",Saúde,20718,20718,52745,15870,31651,13546,164461,164995,129214201,6237,2450,4443,9817,8821,1820,260,20718,"34,6184397979207",346184,"0,132734326896671","-23,6211308398594","-46,6354313378309"
252,252,Jardim Previdência,36,São Paulo,27,Cursino,"165,81",Jardim Previdência,7598,7598,22489,3832,11661,5223,44948,44591,25304536,3330,1125,2589,3341,3542,365,350,7598,"31,3281313376953",313281,"0,188939939314247","-23,6171858514372","-46,6143249973684"
226,226,José Bonifácio,36,São Paulo,46,José Bonifácio,"416,53",José Bonifácio,34499,34499,102278,26114,20670,18485,175800,175398,101589394,2945,993,2923,18133,13451,2915,0,34499,"69,3047339765165",693047,"0,16638593613069","-23,5465691214637","-46,4340566717949"
9,9,Ponte Pequena,36,São Paulo,9,Bom Retiro,"129,78",Ponte Pequena,2267,2267,7456,6413,16492,487,36269,36522,7670743,3384,1029,2500,1816,372,79,0,2267,"21,3948645998581",213949,"0,164854866696395","-23,5240692896027","-46,6307355131413"
317,317,Jóquei Clube,36,São Paulo,55,Morumbi,"333,24",Jóquei Clube,1306,1328,4306,1077,7718,2234,18368,17372,17814976,13415,4137,10900,66,604,450,209,1328,"153,627222643459",1536272,"0,46101075094064","-23,5858986486812","-46,6999080903503"
231,231,Terceira DiviSão,36,São Paulo,32,Iguatemi,"1130,9",Terceira Divisão,10869,10869,35298,6105,8258,5881,50016,49474,31644177,2911,896,2733,5722,4547,601,0,10869,"763,558169671376",7635582,"0,67517744245413","-23,6170757540669","-46,4167567945627"
77,77,Clínicas,36,São Paulo,44,Jardim Paulista,"128,72",Clínicas,10526,10526,21006,6901,38950,7640,95986,95297,83981541,7978,3998,6843,4249,5184,862,231,10526,"32,2196643311025",322197,"0,250308144275191","-23,5573467414589","-46,6753217694561"
4,4,Ladeira da Memória,36,São Paulo,67,República,"75,11",Ladeira da Memória,12588,12588,24089,1127,22554,3401,78184,78286,65571511,5209,2722,3580,9212,3376,0,0,12588,"12,3180987788709",123181,"0,164000782570509","-23,5515271291966","-46,6417841460023"
193,193,Araucárias,36,São Paulo,36,Itaquera,"129,58",Araucárias,7568,7786,25665,3255,6585,3584,37255,37255,21415773,2750,834,2000,4283,3504,0,0,7786,"16,8790310520275",168790,"0,130259538910538","-23,5220850928514","-46,4692483147902"
277,277,Cupecê,36,São Paulo,22,Cidade Ademar,"416,89",Cupecê,20573,20785,59452,18697,26289,18642,124162,124376,80617655,3879,1356,3044,5160,13028,2597,0,20785,"58,5275087758088",585275,"0,140390771608359","-23,6613841145972","-46,6692442770448"
69,69,Vila Olímpia,36,São Paulo,34,Itaim Bibi,"89,63",Vila Olímpia,4948,4948,10021,2981,23463,4451,60726,60725,44688444,9032,4459,8000,1380,2785,783,0,4948,"12,0170489794431",120170,"0,134073959382385","-23,5920781879108","-46,6771226539202"
198,198,Cidade Nitro-Operária,36,São Paulo,76,São Miguel,"357,92",Cidade Nitro-Operária,9489,9489,29485,11234,23934,5557,101522,101799,32395487,3414,1099,2589,4708,3983,798,0,9489,"84,4971293668057",844971,"0,236078255942126","-23,4960956979064","-46,4371372477488"
52,52,Vila Mariana,36,São Paulo,92,Vila Mariana,"59,61",Vila Mariana,4576,4576,10145,7768,14736,4789,41976,40952,45098851,9856,4445,7000,843,3007,615,111,4576,"10,8094410163062",108094,"0,181336034495994","-23,5856569269033","-46,6317750240269"
197,197,São Miguel Paulista,36,São Paulo,76,São Miguel,"302,65",São Miguel Paulista,7580,7686,24124,8538,7763,4276,50242,49810,26124920,3399,1083,3200,3267,4056,363,0,7686,"76,3573468487031",763573,"0,252295875925006","-23,4950638791434","-46,4474561701855"
241,241,Vila Independência,36,São Paulo,33,Ipiranga,"170,22",Vila Independência,3516,3516,9672,1875,12369,2222,30083,29568,12417327,3532,1284,2935,1822,1269,374,51,3516,"13,6225048408199",136225,"0,080028814715192","-23,5808997162285","-46,6002244781128"
106,106,CEASA,36,São Paulo,90,Vila Leopoldina,"197,78",CEASA,1103,1103,3921,54,20954,319,30809,31592,2259191,2048,576,2086,791,312,0,0,1103,"29,8365513803802",298366,"0,150857272628073","-23,5359510148753","-46,7387849495244"
104,104,Bela Aliança,36,São Paulo,90,Vila Leopoldina,"71,35",Bela Aliança,2764,2764,7064,3221,3617,3777,17969,17846,24599314,8900,3482,6843,317,1318,875,254,2764,"20,5162857717185",205163,"0,287544299533546","-23,5238971216403","-46,7260861889403"
210,210,Jardim Anália Franco,36,São Paulo,87,Vila Formosa,"334,04",Jardim Anália Franco,11186,11186,32170,20400,20561,10226,92162,94631,63184128,5649,1964,4689,2939,6697,1174,376,11186,"70,2383074114237",702383,"0,210269151632809","-23,5609211970704","-46,5545249221907"
94,94,Água Branca,36,São Paulo,6,Barra Funda,"71,11",Água Branca,1660,1660,3993,4180,19561,1300,53823,53673,11198136,6746,2804,5224,595,859,206,0,1660,"11,0781365261622",110781,"0,155788729098048","-23,5265014023237","-46,6777342391074"
103,103,Gavião Peixoto,36,São Paulo,48,Lapa,"68,96",Gavião Peixoto,889,889,2622,1713,2922,875,11489,11593,6686242,7521,2550,6400,203,525,154,7,889,"24,9624373514696",249624,"0,361984300340336","-23,5221116017482","-46,7173711046202"
112,112,Jardim Mutinga,36,São Paulo,73,São Domingos,"411,97",Jardim Mutinga,11058,11058,35152,5570,13884,6008,58622,57527,30961190,2800,881,2000,5902,4441,716,0,11058,"136,779058714423",1367791,"0,332012182232743","-23,4847497781612","-46,7591280121323"
340,340,Butantã,36,São Paulo,12,Butantã,"207,11",Butantã,2847,3066,7738,1836,13603,3096,39506,39510,27423547,8945,3544,6000,941,1348,634,144,3066,"58,8632297789857",588632,"0,284212398141016","-23,5699275424423","-46,710300836003"
223,223,Fazenda Caguaçu,36,São Paulo,58,Parque do Carmo,"439,53",Fazenda Caguaçu,8356,8356,26492,3371,10752,5114,42056,41062,21700095,2597,819,2500,3920,3874,563,0,8356,"227,102994590162",2271030,"0,516695093827866","-23,5713838087945","-46,4513062520303"
131,131,Tietê,36,São Paulo,71,Santana,"78,6",Tietê,433,433,1227,4405,10907,239,32353,32060,1765434,4077,1439,3400,220,185,28,0,433,"16,5323163465459",165323,"0,210334813569287","-23,5156329911793","-46,6247750020984"
115,115,Nova Jaragué,36,São Paulo,41,Jaragué,"777,78",Nova Jaraguá,15147,15147,49094,13205,12785,7319,69992,69930,36485876,2409,743,2000,9335,4397,1039,376,15147,"425,719200949201",4257192,"0,547351694501274","-23,4491462590808","-46,7518847996635"
116,116,Parada de Taipas,36,São Paulo,41,Jaragué,"1553,24",Parada de Taipas,49541,49990,157907,42259,32183,26621,240275,239599,134950389,2700,855,2453,26727,20736,2295,231,49990,"722,209695906535",7222097,"0,464969802417228","-23,4387309468902","-46,7253581844568"
279,279,Vila Missionária,36,São Paulo,22,Cidade Ademar,"295,4",Vila Missionária,26669,27460,83502,8626,17839,7936,102021,101768,63337345,2307,759,2202,20045,7073,342,0,27460,"23,457155002276",234572,"0,079408107658348","-23,6825570123011","-46,6606077606206"
121,121,Jardim Damasceno,36,São Paulo,11,Brasilândia,"573,73",Jardim Damasceno,27338,27338,90273,14285,15691,12058,94657,94615,72969656,2669,808,2500,15816,10833,344,344,27338,"265,347492561392",2653475,"0,462495411711767","-23,4493400586852","-46,687324163868"
332,332,Jardim João XXIII,36,São Paulo,66,Raposo Tavares,"467,65",Jardim João XXIII,13702,13883,43732,13015,13304,9738,81663,81806,44323733,3193,1014,2589,6561,5705,1038,580,13883,"179,626498292519",1796265,"0,384104561728898","-23,5966710508704","-46,7949211712601"
125,125,Vila Morro Grande,36,São Paulo,29,Freguesia do Ó,"413,07",Vila Morro Grande,17246,17573,52600,11264,12370,9401,80135,80144,50875365,2895,967,2600,8457,8604,349,163,17573,"108,099006365136",1080990,"0,261696580156236","-23,475229124834","-46,7039490668319"
124,124,Brasilândia,36,São Paulo,11,Brasilândia,"318,28",Brasilândia,21393,21393,64866,20521,17658,12274,128769,130234,66553909,3111,1026,2700,9617,11274,503,0,21393,"23,1528805290353",231529,"0,072743749305754","-23,4715548086561","-46,6825074909418"
10,10,Canindé,36,São Paulo,57,Pari,"82,61",Canindé,467,467,1619,7048,6713,134,23890,24030,1026509,2198,634,2324,336,131,0,0,467,"24,1415874983027",241416,"0,292235655469104","-23,5232219011064","-46,6212961961015"
321,321,Jardim Vitória Régia,36,São Paulo,85,Vila Andrade,"370,18",Jardim Vitória Régia,15862,15862,42795,8125,23345,24226,100031,99828,177604346,11197,4150,10541,2192,6426,5158,2086,15862,"207,353548489468",2073535,"0,560142494163565","-23,6326567692564","-46,7283769507916"
67,67,Vila Nova Conceição,36,São Paulo,53,Moema,"112,48",Vila Nova Conceição,4445,4445,10574,1151,8765,4642,32705,32633,40838065,9187,3862,8047,975,2270,1200,0,4445,"38,3262235641926",383262,"0,340738118458327","-23,5890383963675","-46,6678696100595"
249,249,Água Funda,36,São Paulo,27,Cursino,"276,3",Água Funda,15186,15186,46815,4704,14681,8359,64729,64766,43017798,2833,919,2500,7920,6076,1190,0,15186,"26,7524150456483",267524,"0,096823796763114","-23,6314827512702","-46,6201214326368"
239,239,Vila São José,36,São Paulo,33,Ipiranga,"177,55",Vila São José,5668,5668,15480,16019,17557,4735,80949,81207,26593592,4692,1718,3580,1726,3363,472,107,5668,"35,0925554834328",350926,"0,197648862199002","-23,58989528915","-46,6133178920042"
147,147,Parque Palmas do Tremembé,36,São Paulo,83,Tremembé,"407,03",Parque Palmas do Tremembé,10874,10874,33902,4625,13311,8915,73489,72374,44642901,4105,1317,3391,4272,4740,1613,249,10874,"198,751640753753",1987516,"0,488297277236942","-23,4505716588187","-46,608860690041"
160,160,Jardim Japão,36,São Paulo,91,Vila Maria,"396,23",Jardim Japão,17245,17245,50672,6996,12697,11537,55473,53498,64733583,3754,1278,3000,7865,8057,749,574,17245,"44,7433947257611",447434,"0,112922784054113","-23,5046896613339","-46,5819982835637"
141,141,Cachoeirinha,36,São Paulo,13,Cachoeirinha,"478,58",Cachoeirinha,26057,26621,79276,20536,21853,16038,160498,160705,96202633,3614,1214,3573,13133,10961,2527,0,26621,"81,4708739778481",814709,"0,170234598140014","-23,4717555945035","-46,6591979580991"
142,142,Jardim Peri,36,São Paulo,13,Cachoeirinha,"443,68",Jardim Peri,20266,20266,66324,6352,17674,10024,97862,98199,53329785,2631,804,2500,11476,7782,1008,0,20266,"184,530606611321",1845306,"0,41590922874892","-23,4549542295943","-46,6641298321057"
184,184,Limoeiro,36,São Paulo,89,Vila Jacuí,"143,33",Limoeiro,7929,8241,24724,2912,4977,4528,42955,42912,25196707,3057,1019,2453,4168,3662,271,141,8241,"16,968605420582",169686,"0,118388372431326","-23,51201976135","-46,4721150435239"
283,283,Vila Sabará,36,São Paulo,16,Campo Grande,"234,56",Vila Sabará,3847,3847,10684,673,3689,2840,19202,19204,15837371,4117,1482,4000,1470,1915,402,60,3847,"100,177002511487",1001770,"0,42708476514106","-23,6893714348454","-46,686205449848"
173,173,Vila Ré,36,São Paulo,60,Penha,"208,23",Vila Ré,8982,8982,26818,4996,9021,4730,45559,45117,30053611,3346,1121,2884,5275,2790,916,0,8982,"15,2164258732489",152164,"0,073075089435955","-23,5268767239127","-46,4986321321865"
135,135,Jardim São Paulo,36,São Paulo,71,Santana,"291,23",Jardim São Paulo,13643,15632,38163,8503,17445,9480,83855,83665,78038072,4992,2045,4443,5913,8473,1132,113,15632,"44,4746724248679",444747,"0,152713224684503","-23,4890405849678","-46,6190588838657"
30,30,Higienópolis,36,São Paulo,26,Consolação,"67,81",Higienópolis,9038,9197,19455,3796,18583,7884,63115,62730,85293762,9274,4384,6843,3009,4740,1287,161,9197,"16,2421783478741",162422,"0,239524824478308","-23,5453313167332","-46,6563976693683"
70,70,Hélio Pelegrino,36,São Paulo,34,Itaim Bibi,"103,38",Hélio Pelegrino,5369,5369,11703,10184,20324,6418,54596,55146,36824375,6859,3147,5820,444,3496,1332,97,5369,"14,9425049192498",149425,"0,144539610362253","-23,6002790606346","-46,6789916722946"
301,301,Chácara Flora,36,São Paulo,72,Santo Amaro,"452,25",Chácara Flora,4266,4266,12483,4648,18234,6048,50386,49919,41141272,9644,3296,7423,376,2321,1066,502,4266,"213,077406528538",2130774,"0,471149599841986","-23,641168362037","-46,6862078136571"
28,28,São Carlos do Pinhal,36,São Paulo,7,Bela Vista,"31,03",São Carlos do Pinhal,4411,4411,9068,8922,28433,2738,76171,76772,23630676,5357,2606,4689,1948,2276,160,27,4411,"5,77568801543091",57757,"0,186132388508892","-23,5629391545948","-46,650459990596"
315,315,Parque Fernanda,36,São Paulo,19,Capão Redondo,"512,27",Parque Fernanda,39699,39864,122442,21275,31102,14758,175072,174827,106404053,2669,869,2453,26687,11765,1112,300,39864,"70,108468681195",701085,"0,136858431454497","-23,6620623197747","-46,7861423770628"
63,63,Jardim Luzitânia,36,São Paulo,53,Moema,"103,07",Jardim Luzitânia,635,635,2099,1271,12650,922,38144,37065,6326234,9963,3014,9462,45,314,247,30,635,"37,128539704879",371285,"0,360226445181712","-23,5963056593691","-46,6560322461217"
281,281,Vila São Pedro,36,São Paulo,16,Campo Grande,"312,58",Vila São Pedro,14777,14960,41022,9524,19470,15750,85019,85232,104021579,6953,2536,5224,3760,7617,2970,613,14960,"100,495682448278",1004957,"0,321503878841506","-23,6639454490865","-46,6844073594155"
41,41,Belenzinho,36,São Paulo,8,Belém,"180,11",Belenzinho,7268,7452,22051,7724,24408,4258,81301,80984,27707413,3718,1257,3200,4077,2756,428,191,7452,"12,1475736682448",121476,"0,067445303804591","-23,5404666220371","-46,5947511804433"
168,168,Chácara do Piqueri,36,São Paulo,82,Tatuapé,"198,59",Chácara do Piqueri,8579,8579,22502,7413,22159,6533,74134,74079,41632850,4853,1850,4209,3393,3823,1363,0,8579,"35,5341324543558",355341,"0,178932133815176","-23,5330563632591","-46,5765590359875"
196,196,Saudade,36,São Paulo,76,São Miguel,"207,28",Saudade,11087,11194,35990,7915,8339,4584,50956,50650,29281485,2616,814,2454,6676,3751,767,0,11194,"21,5276988882365",215277,"0,103858061020053","-23,5186301216686","-46,4373039590182"
108,108,Emissário,36,São Paulo,90,Vila Leopoldina,"190,52",Emissário,1117,1144,3451,393,15544,674,25830,26140,4103825,3586,1189,3213,551,506,87,0,1144,"55,2338011740836",552338,"0,289910776685301","-23,5220415047005","-46,739371093356"
146,146,ETA Guaraú,36,São Paulo,51,Mandaqui,"428,67",ETA Guaraú,0,0,0,0,0,0,0,0,0,0,0,0,0,0,0,0,0,"404,522382770647",4045224,"0,943668516039487","-23,438227829578","-46,6433369078729"
265,265,Cidade IV Centenário,36,São Paulo,75,São Mateus,"332,58",Cidade IV Centenário,14388,14388,44247,17994,15856,8886,99937,100188,45747319,3180,1034,2000,6895,6300,1193,0,14388,"40,3344385535167",403344,"0,121277402590404","-23,5914209270308","-46,4952119192634"
250,250,Jardim da Saúde,36,São Paulo,27,Cursino,"182,94",Jardim da Saúde,6759,6759,19179,3402,13101,5774,46419,46381,33702808,4986,1757,4209,1981,3662,1116,0,6759,"28,6225505363178",286226,"0,156458677907061","-23,6156713718833","-46,623018853724"
296,296,Bororó,36,São Paulo,30,Grajaú,"5992,56",Bororé,1285,1285,4148,2107,1597,254,9045,8973,2629462,2046,634,1872,1037,248,0,0,1285,"4163,08984234754",41630898,"0,694709747144383","-23,8083202685552","-46,6636261547716"
234,234,Parque São Rafael,36,São Paulo,77,São Rafael,"742,33",Parque São Rafael,21512,21512,70826,15195,17140,7553,105669,105363,47120199,2190,665,2217,13788,6725,999,0,21512,"353,968798722029",3539688,"0,4768348291488","-23,6317444119456","-46,4462677453223"
235,235,Rodolfo Pirani,36,São Paulo,77,São Rafael,"566,04",Rodolfo Pirani,27246,27246,85409,10109,23823,18275,101225,101100,74635735,2739,874,2324,10925,14780,1541,0,27246,"103,12564268722",1031256,"0,182187906662462","-23,62351533189","-46,4641355607551"
51,51,Chácara Klabin,36,São Paulo,92,Vila Mariana,"97,57",Chácara Klabin,6123,6123,16085,2587,7165,4664,29960,29887,57683133,9421,3586,7500,1540,3196,973,414,6123,"21,4914170279385",214914,"0,220266649871256","-23,5900729346242","-46,6257909600874"
98,98,Vila Anastácio,36,São Paulo,48,Lapa,"164,66",Vila Anastácio,910,910,2452,839,8500,568,15802,15872,4034066,4433,1645,3000,440,392,71,7,910,"27,5339870718783",275340,"0,167217217732772","-23,5148489431476","-46,7168960680285"
233,233,Sítio Carrãozinho,36,São Paulo,32,Iguatemi,"323,28",Sítio Carrãozinho,20823,20823,67261,13232,16657,9994,94449,94544,62605776,3007,931,2202,12517,7311,526,468,20823,"79,7962953653652",797963,"0,246833380862921","-23,6043722995906","-46,4495896666609"
253,253,Tamanduateí,36,São Paulo,95,Vila Prudente,"112,99",Tamanduateí,1562,1562,5068,227,6955,574,13221,13139,3856671,2469,761,2200,1043,477,42,0,1562,"19,5066437315776",195066,"0,172640443681544","-23,5913308779449","-46,5878970061528"
199,199,Jardim Helena,36,São Paulo,43,Jardim Helena,"684,67",Jardim Helena,30922,31605,101750,22636,20669,20326,165444,163571,90359903,2859,888,2280,13263,16577,1765,0,31605,"122,629423765124",1226294,"0,179107341880211","-23,4831855451771","-46,4200594340583"
262,262,Teotônio Vilela,36,São Paulo,78,Sapopemba,"346,33",Teotônio Vilela,27256,27256,85182,10306,19292,12785,114372,114352,74231762,2724,871,2453,15360,11595,0,300,27256,"38,6138073827497",386138,"0,111494260915167","-23,5983835792937","-46,5072561447413"
15,15,Bresser,36,São Paulo,10,Brás,"76,98",Bresser,3148,3247,8427,162,14171,897,36167,36241,8881359,2735,1054,2500,2443,655,100,50,3247,"4,45557311639035",44556,"0,057879619594575","-23,5438776152559","-46,6112443876069"
237,237,Sacomã,36,São Paulo,33,Ipiranga,"90,34",Sacomã,3078,3078,8175,1104,11761,2143,48080,47304,14123840,4589,1728,4443,1367,1341,223,147,3078,"7,33337481607687",73334,"0,081175280231092","-23,596873516145","-46,6016719635716"
331,331,Jardim Cambará,36,São Paulo,66,Raposo Tavares,"480,2",Jardim Cambará,13529,13529,42177,7814,13167,8961,70202,70125,61667315,4558,1462,3213,6591,5364,1326,248,13529,"214,287597541865",2142876,"0,446246558812713","-23,5932002215662","-46,7724913187952"
202,202,Jardim Robru,36,São Paulo,86,Vila Curuçá,"449,19",Jardim Robru,24524,24524,77630,16090,11471,14011,95190,94266,67768723,2763,873,2500,12447,10676,730,671,24524,"56,509743496525",565097,"0,125803654347882","-23,5180377810931","-46,4143804089837"
204,204,Fábrica Bandeirantes,36,São Paulo,47,Lajeado,"615,33",Fábrica Bandeirantes,35694,36110,115079,25583,22880,15965,168827,167122,78147231,2164,679,1976,23195,10043,2872,0,36110,"79,8735036952857",798735,"0,129805963784125","-23,5354143778344","-46,4019849128366"
205,205,Fazenda Itaim,36,São Paulo,35,Itaim Paulista,"462,24",Fazenda Itaim,33135,33484,107393,19520,22273,16982,146698,146132,81028022,2420,754,2202,17768,14658,1058,0,33484,"63,3057461178559",633057,"0,136954279417307","-23,5116743730981","-46,3828148766943"
7,7,Luz,36,São Paulo,9,Bom Retiro,"154,6",Luz,6342,6342,18210,6873,35048,2401,93161,93681,26804909,4227,1472,3988,3750,2592,0,0,6342,"22,6103706866873",226104,"0,146250780638339","-23,5313475764724","-46,6346096657122"
172,172,Vila Esperança,36,São Paulo,60,Penha,"228,82",Vila Esperança,9253,9253,26788,6530,11408,6818,52567,51976,39658449,4286,1480,3213,3914,4014,1325,0,9253,"25,158588664371",251586,"0,109949255591168","-23,5239466177352","-46,5179642478151"
12,12,Pari,36,São Paulo,57,Pari,"140,16",Pari,4741,4741,14381,1928,21068,2085,46136,44924,16593524,3500,1154,2589,2954,1536,251,0,4741,"7,38555451844426",73856,"0,05269373942954","-23,5303433483713","-46,6174189983657"
320,320,Paraisópolis,36,São Paulo,85,Vila Andrade,"361,95",Paraisópolis,24784,24784,73861,12444,12102,7876,100266,99948,84015796,3390,1137,1976,18623,4929,863,369,24784,"171,068261738581",1710683,"0,472629539269461","-23,6196357847283","-46,7181640145729"
90,90,Pompéia,36,São Paulo,61,Perdizes,60,Pompéia,5667,5667,13232,2745,9741,5543,45063,45059,56718677,10009,4286,8000,1442,3156,948,121,5667,"8,28503703540992",82850,"0,138083950590165","-23,529966439172","-46,6873751450408"
85,85,Cardoso de Almeida,36,São Paulo,61,Perdizes,"63,39",Cardoso de Almeida,1837,1837,5033,2171,3259,2500,20367,20350,19442705,10584,3863,8493,197,951,574,115,1837,"20,2677683599571",202678,"0,319731319765847","-23,5408517891682","-46,6674816559159"
1,1,Sé,36,São Paulo,80,Sé,"57,1",Sé,1151,1151,3262,6363,71852,326,160503,160157,3757212,3264,1152,2884,833,318,0,0,1151,"7,69469801034454",76947,"0,13475828389395","-23,5488460810409","-46,6339228274289"
264,264,São Mateus,36,São Paulo,75,São Mateus,"427,59",São Mateus,21428,21902,66948,9921,21738,15695,108178,109373,70479006,3218,1053,3213,8855,9688,3359,0,21902,"41,8252761020505",418253,"0,097816310255269","-23,60641978785","-46,4821849296299"
267,267,Cidade Satélite,36,São Paulo,75,São Mateus,"300,48",Cidade Satélite,8159,8159,25209,9539,10250,5457,54660,54844,28827097,3533,1144,2900,3116,4878,39,126,8159,"70,0677537259679",700678,"0,23318608135639","-23,6080041729718","-46,4645008142343"
3,3,Praça João Mendes,36,São Paulo,80,Sé,"47,75",Praça João Mendes,7100,7100,17130,2399,18547,1166,62971,62503,27827235,3919,1624,3400,6018,943,139,0,7100,"4,84888430894881",48489,"0,101547315370656","-23,5540891389766","-46,6325942246288"
266,266,Rio Claro,36,São Paulo,75,São Mateus,"218,36",Rio Claro,6094,6094,18759,4008,6405,2256,22129,21986,15883178,2606,847,2708,3493,2026,575,0,6094,"80,1383084634621",801383,"0,367000863086014","-23,5902052485988","-46,4807047843747"
86,86,Zequinha de Abreu,36,São Paulo,61,Perdizes,"49,61",Zequinha de Abreu,1564,1564,3729,529,3903,1241,10328,10246,11963478,7649,3208,6000,546,847,147,24,1564,"15,4735428235791",154735,"0,311903705373496","-23,5456116375585","-46,6744422060479"
258,258,Parque São Lucas,36,São Paulo,74,São Lucas,"449,68",Parque São Lucas,23421,23988,69365,10680,15986,15628,94559,94003,64995064,2709,937,3044,9280,14141,567,0,23988,"56,4700296651602",564700,"0,125578254903843","-23,6039107139765","-46,5372880826053"
256,256,Linhas Corrente,36,São Paulo,74,São Lucas,"251,81",Linhas Corrente,10272,10272,29469,4469,9469,7053,43340,42531,28354427,2760,962,2453,3876,5897,499,0,10272,"25,1043539772435",251044,"0,099695619622904","-23,5887481128391","-46,5546112334913"
257,257,Vila Ema,36,São Paulo,74,São Lucas,"267,22",Vila Ema,15149,15149,44120,6081,8153,9655,60173,60096,47077511,3108,1067,2954,6836,6945,1368,0,15149,"23,8948474110987",238948,"0,089420131019754","-23,5844435989695","-46,5437510339027"
53,53,Santa Cruz,36,São Paulo,92,Vila Mariana,"108,52",Santa Cruz,5140,5140,13293,9056,23052,5271,65778,66981,35196373,6848,2648,6483,884,2667,1524,65,5140,"21,9900099842432",219900,"0,2026355509053","-23,5959966467803","-46,6303059025631"
224,224,Parque do Carmo,36,São Paulo,58,Parque do Carmo,"777,43",Parque do Carmo,0,0,0,4257,1818,0,12672,12683,0,0,0,0,0,0,0,0,0,"703,49144493426",7034914,"0,904893617347234","-23,5832896409028","-46,4665905023495"
46,46,Água Rasa,36,São Paulo,1,Água Rasa,"315,81",Água Rasa,12267,12883,36270,9682,16582,7619,71850,70873,54927686,4264,1514,3391,6670,5134,924,155,12883,"30,7065563271337",307066,"0,097231108347214","-23,5727453534944","-46,5649974700604"
54,54,Vila Clementino,36,São Paulo,92,Vila Mariana,"93,7",Vila Clementino,3902,3902,8715,4283,29725,2868,89898,91571,22957189,5883,2634,4689,1605,1882,360,55,3902,"16,7890976385687",167891,"0,179179270422291","-23,5964847205012","-46,6434820205388"
48,48,Regente Feijó,36,São Paulo,1,Água Rasa,"203,96",Regente Feijó,8524,8524,23924,5798,14867,6105,49161,48902,35954113,4218,1503,4000,3383,4202,859,80,8524,"18,4554612722478",184555,"0,090485689705079","-23,5577647175796","-46,575951501945"
310,310,Morro do Índio,36,São Paulo,42,Jardim Ângela,"114,64",Morro do Índio,9523,9523,28295,4385,8290,2459,28733,29144,20810861,2185,735,2000,7120,2403,0,0,9523,"12,1672456403975",121672,"0,106134382766901","-23,6842653388071","-46,7747833479515"
311,311,Jardim Ângela,36,São Paulo,42,Jardim Ângela,"463,77",Jardim Ângela,29658,29658,88536,24466,16565,11419,150206,152762,70636227,2382,798,2086,18391,11148,119,0,29658,"97,5656748114278",975657,"0,210375131663169","-23,6855808435737","-46,7613204416206"
156,156,Jaçanã,36,São Paulo,38,Jaçanã,"386,23",Jaçanã,14464,14464,43910,12216,17611,11083,88608,88273,48106897,3326,1096,3300,3914,10267,283,0,14464,"56,1797029727448",561797,"0,145456600918481","-23,4666371672774","-46,5788431879835"
157,157,Parque Edu Chaves,36,São Paulo,38,Jaçanã,"109,91",Parque Edu Chaves,6230,6230,19629,4884,6985,2576,34206,34594,22004878,3532,1121,3213,3484,2612,134,0,6230,"8,19564952560343",81956,"0,074566914071544","-23,4775310856357","-46,5650316444481"
188,188,Vila Jacuí,36,São Paulo,89,Vila Jacuí,"211,87",Vila Jacuí,10432,10432,31082,30034,8299,6965,76950,77160,28523895,2734,918,1987,4964,4677,241,549,10432,"23,3898196521764",233898,"0,110397034276568","-23,5064793457345","-46,4518152995092"
186,186,Pedro José Nunes,36,São Paulo,89,Vila Jacuí,"86,18",Pedro José Nunes,3860,4195,11747,2426,2654,2730,17714,17385,15482713,3690,1318,3000,1660,2298,238,0,4195,"23,4308661853858",234309,"0,27188287520754","-23,5030785214659","-46,461412392618"
111,111,São Domingos,36,São Paulo,73,São Domingos,"581,76",São Domingos,17781,17781,50923,8321,17727,12680,83425,84136,79700744,4482,1565,3300,7925,7319,2537,0,17781,"167,424954713374",1674250,"0,287790419955608","-23,4995471835801","-46,7387437676449"
56,56,Rodrigues Alves,36,São Paulo,92,Vila Mariana,"103,55",Rodrigues Alves,9697,9896,21617,9888,22143,5907,76853,77327,66725529,6743,3087,6000,4985,4048,863,0,9896,"14,6538125153213",146538,"0,141514365189003","-23,5823121328624","-46,6435595482194"
8,8,Bom Retiro,36,São Paulo,9,Bom Retiro,"143,01",Bom Retiro,3834,4111,12252,3280,15080,1748,40223,40170,13815270,3361,1128,2800,2642,1229,240,0,4111,"17,9968074179398",179968,"0,125842999915669","-23,5219374845042","-46,644787889236"
177,177,Parque Ecológico do Tietê,36,São Paulo,18,Cangaíba,"530,85",Parque Ecológico do Tietê,3023,3249,10184,538,1894,1260,14347,13932,7029017,2163,690,2152,2026,1155,68,0,3249,"339,026350694989",3390264,"0,638648112828461","-23,4919859578243","-46,5216329973523"
167,167,Tatuapé,36,São Paulo,82,Tatuapé,"156,88",Tatuapé,6493,6493,17440,8719,37493,6142,116962,118134,31144803,4797,1786,4443,1571,4059,645,218,6493,"16,0003214453853",160003,"0,101990830223006","-23,546303166601","-46,5737883394812"
175,175,Estação Eng. Goulart,36,São Paulo,18,Cangaíba,"193,33",Estação Eng. Goulart,9796,9796,31792,3691,10075,4999,60535,60150,29947763,3057,942,2589,5694,3318,784,0,9796,"21,5634182272519",215634,"0,111536844914146","-23,5031023539651","-46,5146524928642"
276,276,Jardim Bom Clima,36,São Paulo,37,Jabaquara,"445,92",Jardim Bom Clima,29889,30453,92605,12335,23391,19581,159942,160341,113760853,3736,1228,3213,13251,15264,1937,0,30453,"70,9469333879623",709469,"0,159102380220583","-23,6626012718048","-46,6435549603839"
176,176,Cangaíba,36,São Paulo,18,Cangaíba,"333,53",Cangaíba,15645,15645,46828,8936,18677,9847,58384,58503,53905988,3446,1151,3044,5855,9169,0,621,15645,"34,7963325828017",347963,"0,104327444556117","-23,5078118327402","-46,531537035313"
11,11,Bom Jardim,36,São Paulo,57,Pari,"49,85",Bom Jardim,932,932,2713,1471,3901,488,11403,11381,3239452,3476,1194,3000,442,469,0,21,932,"7,81364143809913",78136,"0,15674305793579","-23,5248390759914","-46,61103866567"
57,57,Paraíso,36,São Paulo,92,Vila Mariana,"96,28",Paraíso,10462,10462,24334,4745,45145,9245,110615,111326,79982748,7645,3287,6143,3059,5480,1827,96,10462,"16,5479963060671",165480,"0,1718736633368","-23,5741546871941","-46,6475216315017"
174,174,Rui Barbosa,36,São Paulo,18,Cangaíba,"271,23",Rui Barbosa,15839,16194,48886,14856,10106,8475,86239,86039,45029056,2781,921,2884,8214,7676,304,0,16194,"33,1994032046861",331994,"0,122403138313189","-23,5009121082338","-46,5030757121932"
114,114,Parque do Jaragué,36,São Paulo,41,Jaragué,"489,12",Parque do Jaraguá,0,0,0,0,211,0,239,239,0,0,0,0,0,0,0,0,0,"474,767944923243",4747679,"0,970657394756385","-23,462569440492","-46,7652448286245"
169,169,Parque São Jorge,36,São Paulo,82,Tatuapé,"252,07",Parque São Jorge,8157,8157,22460,44340,19028,8769,86022,87276,44423972,5446,1978,5224,2438,3444,1700,576,8157,"37,187151701795",371872,"0,147527082563554","-23,5310708064556","-46,5614734101978"
166,166,Gomes Cardim,36,São Paulo,82,Tatuapé,"243,24",Gomes Cardim,12310,12310,32876,22803,30353,10289,120136,119328,65122331,5290,1981,5299,2298,9229,486,297,12310,"27,2835468962151",272835,"0,112167188358063","-23,5459818150947","-46,5618074814219"
32,32,Consolação,36,São Paulo,26,Consolação,"57,23",Consolação,4590,4590,8556,15091,48237,2587,112133,112552,26142655,5696,3055,4949,2257,2068,265,0,4590,"9,45995738755394",94600,"0,165297176088659","-23,5545492975089","-46,6603061700507"
304,304,Jardim São Luís,36,São Paulo,45,Jardim São Luís,"408,45",Jardim São Luís,26276,26276,78638,23331,34830,14886,162940,164567,77522070,2950,986,2884,13767,10822,1109,579,26276,"52,7442115063156",527442,"0,129132602537191","-23,651067000203","-46,7448467768134"
107,107,Vila Leopoldina,36,São Paulo,90,Vila Leopoldina,"91,65",Vila Leopoldina,5816,5816,15213,9141,12845,6395,50269,50328,53590016,9214,3523,7624,618,4137,972,88,5816,"15,1868767038935",151869,"0,165705146796437","-23,526976404952","-46,7336275174792"
305,305,Centro Empresarial,36,São Paulo,45,Jardim São Luís,"675,29",Centro Empresarial,42922,44026,127291,30107,26283,20784,207592,206277,124999876,2839,982,2589,25106,17196,1527,197,44026,"158,924401681848",1589244,"0,23534244795843","-23,6629589188474","-46,7401242493387"
109,109,Vila Zatt,36,São Paulo,64,Pirituba,"1220,22",Vila Zatt,39388,39388,120118,23983,34385,25736,180626,182060,129524429,3288,1078,3044,15879,21027,2482,0,39388,"515,911419028616",5159114,"0,42280196934046","-23,4741764698857","-46,7291313046506"
306,306,Guarapiranga,36,São Paulo,45,Jardim São Luís,"1513,25",Guarapiranga,27655,28410,82209,12492,19288,8033,100713,100781,74519265,2623,906,2500,21880,5818,0,712,28410,"407,636655761962",4076367,"0,26937826252236","-23,6966990726618","-46,7376425319103"
92,92,Barra Funda,36,São Paulo,6,Barra Funda,"118,21",Barra Funda,107,107,324,1078,12925,77,31517,30813,540642,5053,1669,4689,41,55,11,0,107,"22,2336774469748",222337,"0,188086265518778","-23,5205158655985","-46,6628633344411"
71,71,Brooklin,36,São Paulo,34,Itaim Bibi,"234,25",Brooklin,11745,11745,28443,3257,20615,12439,66696,66382,85629625,7291,3011,6843,2305,6027,3413,0,11745,"51,4003907965795",514004,"0,219425360924566","-23,6090715908026","-46,6850719043425"
61,61,Mirandópolis,36,São Paulo,79,Saúde,"173,45",Mirandópolis,12065,12065,28100,13448,18735,10220,76081,76112,74799270,6200,2662,5224,4101,6101,1700,162,12065,"21,7866174368882",217866,"0,125607480178081","-23,6054402529385","-46,6430696767624"
36,36,Marechal Deodoro,36,São Paulo,70,Santa Cecília,"142,2",Marechal Deodoro,18909,19001,43094,11004,33133,11359,112648,112542,104784973,5515,2432,4443,8923,8555,1523,0,19001,"18,9588566474668",189589,"0,133325292879514","-23,5330278588342","-46,6566772893013"
58,58,Bosque da Saúde,36,São Paulo,79,Saúde,"169,91",Bosque da Saúde,12094,12094,30779,3320,16428,12205,55639,55562,68460932,5661,2224,4500,2886,7129,1437,642,12094,"21,0158695142619",210159,"0,123688243860055","-23,6063697368703","-46,6319400567129"
129,129,Santana,36,São Paulo,71,Santana,"54,36",Santana,1769,1769,4596,3754,14458,1101,62381,62718,9006744,5091,1960,4700,816,807,146,0,1769,"3,14789929304863",31479,"0,057908375515979","-23,5015750494458","-46,6221768849011"
91,91,Santa Marina,36,São Paulo,6,Barra Funda,"295,36",Santa Marina,677,677,2350,18915,24396,351,61475,62315,2404840,3552,1023,2200,381,255,34,7,677,"56,1000022452561",561000,"0,189937710743689","-23,5172314024038","-46,6801295895137"
6,6,Santa Ifigênia,36,São Paulo,67,República,"82,93",Santa Ifigênia,9411,9411,21989,2039,38372,1445,109791,109351,25210175,2679,1146,2324,7999,1412,0,0,9411,"5,29284459156099",52928,"0,063823038605583","-23,5390700784062","-46,6386139323125"
5,5,República,36,São Paulo,67,República,"74,95",República,8050,8050,14956,1727,89487,1737,186220,187153,34199117,4248,2287,3500,6442,1562,0,45,8050,"10,739717905865",107397,"0,143291766589259","-23,5444004362924","-46,6429472955517"
60,60,Planalto Paulista,36,São Paulo,79,Saúde,"321,66",Planalto Paulista,8102,8316,22059,4252,15388,8597,69348,68318,60733141,7303,2753,5514,2431,4017,1579,289,8316,"69,8328654236061",698329,"0,217101490466972","-23,618192710062","-46,6498140461789"
245,245,São João Clímaco,36,São Paulo,69,Sacomã,"198,15",São João Clímaco,8652,8652,24591,1694,6731,4887,32796,33128,32940811,3807,1340,3000,4573,3382,698,0,8652,"33,663355517651",336634,"0,16988824384381","-23,6332360596422","-46,5887986858687"
201,201,Vila Curuçá,36,São Paulo,86,Vila Curuçá,"503,17",Vila Curuçá,23994,23994,74667,23127,16619,11507,139756,140876,67417871,2810,903,2834,13851,8561,1582,0,23994,"58,7970280582243",587970,"0,116853206785429","-23,5026502979834","-46,4168482967386"
244,244,Vila Heliópolis,36,São Paulo,69,Sacomã,"232,81",Vila Heliópolis,20262,22131,62304,3408,10433,9932,111032,110313,62428684,2821,1002,2200,14128,6300,1704,0,22131,"54,0157087251361",540157,"0,232016273893459","-23,6155320199138","-46,5887499469739"
247,247,Vila das Mercês,36,São Paulo,69,Sacomã,"468,94",Vila das Mercês,33838,33838,98763,17109,21051,19619,199361,200304,134008022,3960,1357,3400,17402,13178,3257,0,33838,"85,5774044161262",855774,"0,182491159671016","-23,6402689644745","-46,6058826182155"
18,18,Independência,36,São Paulo,14,Cambuci,"253,75",Independência,6592,6592,19240,3762,24090,3672,74507,73238,33426649,5071,1737,3778,3766,2172,545,109,6592,"28,4459858495624",284460,"0,112102407288916","-23,5605028675827","-46,6153769130133"
323,323,Parque Arariba,36,São Paulo,17,Campo Limpo,"346,59",Parque Arariba,21065,21612,62710,12215,10988,14417,96394,96128,85735953,3967,1367,3124,10778,7575,3258,0,21612,"92,6070310353597",926070,"0,267194757596468","-23,6423237738923","-46,7564401038155"
243,243,Moinho Velho,36,São Paulo,69,Sacomã,"347,41",Moinho Velho,16838,16838,44779,16802,20213,11320,93674,93649,64385350,3824,1438,3000,8056,6498,2283,0,16838,"34,1015313601136",341015,"0,098159325753759","-23,6170912992982","-46,6009249658349"
25,25,Treze de Maio,36,São Paulo,7,Bela Vista,"42,85",Treze de Maio,7996,7996,18401,4010,12142,2582,40630,40829,29020381,3629,1577,3044,5832,1804,360,0,7996,"4,63098666324476",46310,"0,108074367870356","-23,5551599274484","-46,6481892089681"
21,21,Aclimação,36,São Paulo,49,Liberdade,"113,62",Aclimação,7404,7404,18691,3860,9685,5517,44431,44318,43730165,5906,2340,6143,2913,3664,751,75,7404,"30,714396852973",307144,"0,270325619195326","-23,5729481348645","-46,6306677979383"
246,246,Anchieta,36,São Paulo,69,Sacomã,"217,08",Anchieta,10426,10426,29973,13017,7199,7880,46890,46925,40294030,3865,1344,3580,3671,5931,699,124,10426,"47,1537480314588",471537,"0,217218297546798","-23,6456234884016","-46,5955761329258"
329,329,Vila Sônia,36,São Paulo,96,Vila Sônia,"348,44",Vila Sônia,11903,11903,34406,8788,21336,10781,89906,90098,76470558,6424,2223,5000,4518,5074,1625,686,11903,"73,7132253093472",737132,"0,211552133249188","-23,5951873258821","-46,7308097795901"
313,313,Jardim Sônia Ingá,36,São Paulo,19,Capão Redondo,"105,38",Jardim Sônia Ingá,8080,8080,24266,8776,5067,4560,45307,45544,29161128,3609,1202,2733,4274,3079,528,199,8080,"13,0560881666266",130561,"0,123895313784652","-23,6739446040628","-46,7688435283275"
327,327,Portal do Morumbi,36,São Paulo,96,Vila Sônia,"151,43",Portal do Morumbi,6588,6588,19723,1141,6535,8048,31616,31760,58140556,8825,2948,7223,1985,2271,1469,863,6588,"65,6209477497799",656209,"0,433341793236346","-23,6092268899311","-46,7327486645075"
19,19,Cambuci,36,São Paulo,14,Cambuci,"140,43",Cambuci,7490,7490,20732,4590,16448,5235,57680,57903,39806787,5315,1920,4949,2753,3790,636,311,7490,"23,37653942785",233765,"0,166463999343801","-23,5712114179229","-46,6196847846237"
13,13,João Teodoro,36,São Paulo,10,Brás,"39,32",João Teodoro,423,423,1435,266,9281,103,25131,24562,1155117,2731,805,2550,316,107,0,0,423,"0,284535347716347",2845,"0,007236402536021","-23,5374697069632","-46,6215333897372"
328,328,Jardim Jussara,36,São Paulo,96,Vila Sônia,"231,55",Jardim Jussara,8183,8183,22657,6690,15235,10664,51627,53169,63869759,7805,2819,6143,1376,3883,2399,525,8183,"71,7181608676881",717182,"0,30973077463912","-23,6070587192635","-46,7445057926245"
330,330,Jardim Maria do Carmo,36,São Paulo,96,Vila Sônia,"277,55",Jardim Maria do Carmo,13529,13529,42282,4377,13889,9585,63434,63833,55807653,4125,1320,3391,5474,6865,1066,124,13529,"89,161475556057",891615,"0,321244732682605","-23,5927944936185","-46,748813108987"
20,20,Glicério,36,São Paulo,49,Liberdade,"108,02",Glicério,9042,9042,23063,3614,8159,6862,47083,46030,53798444,5950,2333,4800,3372,4699,905,66,9042,"15,6497144581311",156497,"0,14487793425413","-23,5640206684956","-46,6271846599851"
127,127,Freguesia do Ó,36,São Paulo,29,Freguesia do Ó,"485,85",Freguesia do Ó,18734,18734,53941,12872,19889,14962,128457,128145,79732344,4256,1478,4443,7472,8146,2869,247,18734,"69,9342427981175",699342,"0,143942045483416","-23,4973978863","-46,6965621559975"
23,23,Centro Cultural,36,São Paulo,49,Liberdade,"33,24",Centro Cultural,2553,2553,5332,33076,17915,1279,74016,73688,10538207,4128,1976,3580,1351,1155,47,0,2553,"5,58052151221173",55805,"0,167885725397465","-23,5673765314403","-46,639032681474"
336,336,Jardim Adalgiza,36,São Paulo,68,Rio Pequeno,"467,13",Jardim Adalgiza,14943,14943,45585,4163,10317,10310,60761,60524,53820888,3602,1181,2733,6051,7708,1185,0,14943,"158,557841354681",1585578,"0,339429797603838","-23,5681713944165","-46,7652489360586"
126,126,Itaberaba,36,São Paulo,29,Freguesia do Ó,"207,42",Itaberaba,11011,11011,34079,5963,12030,9404,71928,71873,43690654,3968,1282,2800,4046,5047,1610,308,11011,"21,3198602125194",213199,"0,102785942592418","-23,4821563662769","-46,685691581808"
148,148,Tremembé,36,São Paulo,83,Tremembé,"331,62",Tremembé,7809,7809,22869,6903,7836,4431,48887,48864,20046654,2567,877,2000,3922,3443,444,0,7809,"138,125870625215",1381259,"0,4165185170533","-23,4543394676668","-46,6237993608052"
149,149,Cantareira,36,São Paulo,83,Tremembé,"2886,45",Cantareira,0,0,0,0,68,0,428,428,0,0,0,0,0,0,0,0,0,"2721,05177070011",27210518,"0,942698390999362","-23,3994501870357","-46,5851589791339"
150,150,Jardim das Pedras,36,São Paulo,83,Tremembé,"1609,01",Jardim das Pedras,15291,15291,51558,7628,10269,6703,62178,63545,36754323,2404,713,2400,9794,4793,352,352,15291,"1096,28123895886",10962812,"0,681338984194543","-23,4217678098989","-46,5836172574703"
151,151,Jardim Guapira,36,São Paulo,83,Tremembé,"548,53",Jardim Guapira,33624,33624,109629,15201,21011,16770,179033,179178,93477957,2780,853,2454,18369,13616,1318,322,33624,"94,1695433075733",941695,"0,171676195117083","-23,4511988293951","-46,5895113061341"
22,22,Pires da Mota,36,São Paulo,49,Liberdade,"50,03",Pires da Mota,5996,5996,13623,4513,8425,3263,37043,37239,32541950,5427,2389,4000,3174,2542,171,109,5996,"6,18581938564364",61858,"0,123642202391438","-23,5675871035997","-46,6353996331055"
14,14,Oriente,36,São Paulo,10,Brás,"69,88",Oriente,1104,1104,3337,1959,27939,329,66496,66780,3254031,2947,975,2733,773,331,0,0,1104,"1,9139950504535",19140,"0,027389740275522","-23,5380895812794","-46,6140823534118"
24,24,Liberdade,36,São Paulo,49,Liberdade,"59,49",Liberdade,5364,5364,11423,53168,17996,1659,89698,89534,19459948,3628,1704,3213,3667,1625,72,0,5364,"6,56741606141128",65674,"0,110395294358905","-23,5597848289727","-46,6352853829368"
339,339,Cidade Universitária,36,São Paulo,12,Butantã,"584,56",Cidade Universitária,0,0,0,54277,26885,0,89704,89645,0,0,0,0,0,0,0,0,0,"336,415086302092",3364151,"0,57550137933162","-23,5621338481285","-46,7274483112428"
16,16,Brás,36,São Paulo,10,Brás,"109,08",Brás,4589,4589,12117,3420,18484,2246,48647,48197,14719349,3208,1215,3044,2433,2082,74,0,4589,"11,3325759293448",113326,"0,103892335252519","-23,5499994540145","-46,6188290491201"
303,303,Vila Miranda,36,São Paulo,72,Santo Amaro,"271,15",Vila Miranda,3681,3681,10325,50942,28697,2825,131372,131886,17215679,4677,1667,4000,1426,1623,631,0,3681,"59,1333716782618",591334,"0,218083613049094","-23,6530361878197","-46,7151978055394"
342,342,Jardim Bonfiglioli,36,São Paulo,12,Butantã,"319,97",Jardim Bonfiglioli,12797,12797,35707,5298,14867,10932,69660,69710,73464631,5741,2057,5500,3921,6873,1714,289,12797,"83,0338851277538",830339,"0,259505219638572","-23,5798234550574","-46,7372514860784"
128,128,Carandiru,36,São Paulo,71,Santana,"38,03",Carandiru,674,674,1794,3438,13692,420,35899,35757,3701066,5491,2063,4500,288,362,25,0,674,"2,11667698833695",21167,"0,055658085415118","-23,5073684993917","-46,6260083196126"
26,26,Bexiga,36,São Paulo,7,Bela Vista,"51,76",Bexiga,6375,6494,14281,8564,13420,2564,54508,54681,28488739,4387,1995,4209,4115,2205,174,0,6494,"5,95125193276212",59513,"0,114977819411942","-23,5582825643751","-46,642180688397"
17,17,Gasômetro,36,São Paulo,10,Brás,"69,35",Gasômetro,2411,2430,6980,5504,9361,597,31625,31507,7399420,3045,1060,3000,1801,629,0,0,2430,"2,37849889850432",23785,"0,034297028096674","-23,5425745077057","-46,6235443674088"
293,293,Grajaú,36,São Paulo,30,Grajaú,"540,7",Grajaú,27744,28086,86031,20206,27179,16369,146103,145393,79095303,2816,919,2202,12716,13910,1461,0,28086,"100,591216777841",1005912,"0,186038869572482","-23,7419649328542","-46,6884814134446"
27,27,Bela Vista,36,São Paulo,7,Bela Vista,"93,8",Bela Vista,7636,7636,17536,12922,44855,6620,117797,120315,59604484,7806,3399,6000,2665,3527,1347,97,7636,"21,2100587866356",212101,"0,226120029708268","-23,5655537280028","-46,644664591271"
29,29,Masp,36,São Paulo,7,Bela Vista,"57,27",Masp,7089,7089,13251,4904,45411,2916,94938,94788,42453060,5989,3204,4949,4644,1948,497,0,7089,"13,0638675921424",130639,"0,228110137805875","-23,5583525558583","-46,6540933187481"
292,292,Vila Natal,36,São Paulo,30,Grajaú,"415,09",Vila Natal,20493,20493,65633,13900,10647,9126,100460,98255,52519630,2563,800,2000,10568,9619,306,0,20493,"98,2749244581901",982749,"0,236755702277073","-23,7620570993999","-46,7034304354513"
31,31,Vila Buarque,36,São Paulo,26,Consolação,"89,58",Vila Buarque,11259,11259,20034,37088,27102,5014,119032,119388,50023393,4443,2497,3800,6802,4127,204,126,11259,"19,4146661411721",194147,"0,216729918968208","-23,548709133036","-46,651811265356"
294,294,Cocaia,36,São Paulo,30,Grajaú,"1093,33",Cocaia,35333,35333,113477,27666,15060,8700,170092,170081,81756371,2314,720,2202,26626,8707,0,0,35333,"197,253672465969",1972537,"0,180415494375869","-23,7439926945344","-46,6622092249807"
73,73,Berrini,36,São Paulo,34,Itaim Bibi,"197,39",Berrini,3768,3768,8758,920,97733,2820,181295,181206,31047343,8240,3545,5968,1479,1937,239,114,3768,"38,2628046227002",382628,"0,193843683178987","-23,6012564700416","-46,6921689652867"
33,33,Pacaembu,36,São Paulo,26,Consolação,"90,45",Pacaembu,587,587,1839,541,3126,865,6929,6927,6887275,11733,3745,11000,90,229,199,70,587,"35,3736637482472",353737,"0,391085281904336","-23,5506830231036","-46,6687300246167"
38,38,Catumbi,36,São Paulo,8,Belém,"81,44",Catumbi,1074,1095,3786,2263,5130,747,12175,12154,5112687,4667,1350,4000,537,408,129,21,1095,"9,61337231490349",96134,"0,118042390900092","-23,5286519288878","-46,6039991216792"
138,138,Limão,36,São Paulo,50,Limão,"171,8",Limão,2395,2440,7855,1290,12057,1466,33392,34557,8050503,3299,1025,2700,1120,1207,113,0,2440,"21,2610102349204",212610,"0,123754425115951","-23,5083246633357","-46,6786470632313"
72,72,Vila Cordeiro,36,São Paulo,34,Itaim Bibi,"176,69",Vila Cordeiro,3919,3919,10092,9615,24450,3856,60937,61040,28963370,7391,2870,7223,804,2662,251,201,3919,"36,8683817857848",368684,"0,208661394452345","-23,6194747361023","-46,6922272304653"
34,34,FAAP,36,São Paulo,26,Consolação,"74,45",FAAP,3191,3191,7556,5443,9965,3655,31857,32883,40305292,12631,5334,9000,655,1691,709,136,3191,"23,3398775235698",233399,"0,31349734752948","-23,5443828317456","-46,6627340882671"
312,312,Capão Redondo,36,São Paulo,19,Capão Redondo,"219,39",Capão Redondo,13118,13118,38307,19056,14728,9331,93983,93332,50532505,3852,1319,2950,6879,4130,1523,586,13118,"29,0383703729524",290384,"0,132359589648354","-23,6598244041303","-46,762511495115"
43,43,Mooca,36,São Paulo,54,Mooca,"271,79",Mooca,10102,10102,27958,37812,23692,8922,109332,110112,54218691,5367,1939,5000,2782,5301,1883,136,10102,"35,9987504027149",359988,"0,132450606728411","-23,5509000517644","-46,5976633139208"
208,208,Vila Califórnia,36,São Paulo,20,Carrão,"340,04",Vila Califórnia,14706,14706,42519,9758,28842,11270,99972,100492,53627618,3647,1261,3213,5843,6935,1704,224,14706,"26,5591074443502",265591,"0,078105832973621","-23,5452618312458","-46,547556458675"
50,50,Jardim da Glória,36,São Paulo,92,Vila Mariana,"88,43",Jardim da Glória,3276,3276,8896,1651,1845,3574,16802,16889,16486346,5032,1853,4209,525,2076,606,68,3276,"12,6685655802321",126686,"0,14326094741866","-23,5824480589787","-46,6212486061987"
209,209,Vila Carrão,36,São Paulo,20,Carrão,"440,28",Vila Carrão,14211,14211,42192,9824,12920,12758,81109,80743,52093948,3666,1235,3044,4271,7753,1845,342,14211,"65,1186481124384",651186,"0,147902807559822","-23,5557127255678","-46,5313087156398"
338,338,Jaguaré,36,São Paulo,40,Jaguaré,"430,44",Jaguaré,10529,10529,31544,6387,21707,5196,71443,71115,38847835,3690,1232,2600,6078,3726,725,0,10529,"97,8140616867073",978141,"0,227242035328286","-23,5414533924445","-46,7465270435802"
74,74,Campinas,36,São Paulo,44,Jardim Paulista,"49,08",Campinas,6131,6131,12765,3250,36233,5494,76617,76247,56490863,9214,4425,7624,1581,3429,833,288,6131,"7,86971463868261",78697,"0,160344634039988","-23,5664857747225","-46,65412767747"
65,65,Vila Helena,36,São Paulo,53,Moema,"104,82",Vila Helena,11980,11980,26860,9630,17556,15423,68331,68562,102874682,8587,3830,7624,1498,6290,3794,399,11980,"23,1320797624967",231321,"0,220683836696209","-23,5997544663079","-46,6685081415454"
337,337,Parque Continental,36,São Paulo,40,Jaguaré,"226,38",Parque Continental,8657,8657,22537,6371,15255,7465,52312,52854,45592587,5267,2023,3988,2824,4106,1728,0,8657,"58,3270121112463",583270,"0,257650906048442","-23,5481890922311","-46,7529170897134"
39,39,Belém,36,São Paulo,8,Belém,"160,71",Belém,3087,3087,9357,3216,8952,2039,27108,25582,13688674,4434,1463,3580,1335,1510,241,0,3087,"52,492401887703",524924,"0,326628099606142","-23,5326512489416","-46,5930484265561"
139,139,Jardim Primavera,36,São Paulo,50,Limão,"192,75",Jardim Primavera,8140,8140,24309,6250,14168,4938,62094,63023,29712701,3650,1222,3000,3672,4109,359,0,8140,"20,0116701528325",200117,"0,103821894437523","-23,4934779281148","-46,680433142512"
66,66,Bandeirantes,36,São Paulo,53,Moema,"133,42",Bandeirantes,4813,4813,10923,3581,22527,5858,59938,60912,41017462,8522,3755,6143,649,2800,1216,149,4813,"22,3532970416243",223533,"0,167540826275104","-23,610339071984","-46,6685049371985"
140,140,Vila Santa Maria,36,São Paulo,50,Limão,"277,94",Vila Santa Maria,15199,15199,47391,11154,16237,8582,90857,89826,50650792,3333,1069,3000,7220,7477,502,0,15199,"27,192702858195",271927,"0,09783659371877","-23,4938581018961","-46,6709755609796"
79,79,Trianon,36,São Paulo,44,Jardim Paulista,"59,81",Trianon,5110,5110,10690,5602,46194,4587,125391,125692,39828100,7794,3726,6500,1727,2291,1026,66,5110,"13,3373457913935",133373,"0,222995248142342","-23,5602851962997","-46,6617077268958"
219,219,Cidade Líder,36,São Paulo,24,Cidade Líder,"347,51",Cidade Líder,17615,17615,54475,8181,17175,10041,92558,92677,49844894,2830,915,2400,9229,7132,1079,175,17615,"44,4249319678883",444249,"0,127837852055735","-23,5562750746567","-46,5000026436723"
75,75,Pamplona,36,São Paulo,44,Jardim Paulista,"51,34",Pamplona,6836,6836,14277,1979,12564,7612,42750,42545,65987936,9653,4622,7624,1545,3418,1637,236,6836,"7,21875893648289",72188,"0,140606913449219","-23,5700752293836","-46,6576576841461"
220,220,Santa Marcelina,36,São Paulo,24,Cidade Líder,"265,94",Santa Marcelina,11001,11728,34510,7238,10732,9290,63230,63154,39375439,3358,1141,2624,5289,4723,987,728,11728,"44,4687096293849",444687,"0,167213317400109","-23,5576427893708","-46,4748160809111"
35,35,Santa Cecília,36,São Paulo,70,Santa Cecília,"144,09",Santa Cecília,19105,19105,40032,8462,35793,6481,114335,112257,74485828,3899,1861,3044,13621,4634,850,0,19105,"15,0723335744191",150723,"0,104603605902","-23,5354570155499","-46,6479596945381"
221,221,Parque Savoy,36,São Paulo,24,Cidade Líder,"444,75",Parque Savoy,14154,14154,44416,10126,17769,10192,89533,90184,57512523,4063,1295,3213,5176,8321,328,328,14154,"136,754115572658",1367541,"0,307485363850832","-23,5691716097","-46,4941895214027"
84,84,PUC,36,São Paulo,61,Perdizes,"73,32",PUC,7094,7094,16557,9527,12763,6905,54588,54705,71703865,10108,4331,8493,1778,3978,1079,259,7094,"12,0252758572477",120253,"0,164010854572391","-23,5361813997637","-46,671416592828"
120,120,Vista Alegre,36,São Paulo,11,Brasilândia,"742,47",Vista Alegre,0,0,0,0,0,0,0,0,0,0,0,0,0,0,0,0,0,"726,882681209282",7268827,"0,97900612982246","-23,4316426449682","-46,6857583986985"
80,80,Jardim Paulistano,36,São Paulo,63,Pinheiros,"98,98",Jardim Paulistano,9193,9193,19691,3522,27553,6524,80848,81175,56301434,6124,2859,4689,4127,3882,1029,155,9193,"12,8421884856192",128422,"0,129745286781362","-23,5635156766506","-46,685390944133"
123,123,Vila Terezinha,36,São Paulo,11,Brasilândia,"250,78",Vila Terezinha,22608,23423,73066,12035,9608,7814,84918,84004,56095409,2395,768,2324,16406,6477,0,539,23423,"15,7948255661685",157948,"0,062982795941337","-23,4637080068106","-46,6901805033916"
82,82,Pinheiros,36,São Paulo,63,Pinheiros,"202,58",Pinheiros,4937,4937,11262,12715,75074,3252,163842,164357,23241015,4708,2064,4209,2006,2597,273,61,4937,"37,6615802211965",376616,"0,185909666409303","-23,5671982144677","-46,6965977141693"
42,42,Celso Garcia,36,São Paulo,8,Belém,"63,89",Celso Garcia,1537,1537,5328,385,8745,431,29355,29252,5933453,3860,1114,2900,1116,421,0,0,1537,"3,21792723421035",32179,"0,050366680767105","-23,5355178737322","-46,6059569200845"
37,37,Rudge,36,São Paulo,70,Santa Cecília,"84,73",Rudge,1525,1525,4607,2544,19020,1119,33774,33551,8495747,5571,1844,5000,507,942,76,0,1525,"10,7558871594473",107559,"0,126943079894338","-23,5237977022895","-46,6544229376942"
93,93,Francisco Matarazzo,36,São Paulo,6,Barra Funda,"105,13",Francisco Matarazzo,3844,3844,9032,56838,30495,2946,119917,118685,24737342,6435,2739,4908,1538,1772,449,85,3844,"20,9126448658699",209126,"0,198921762255017","-23,529725610245","-46,6663906300285"
40,40,Quarta Parada,36,São Paulo,8,Belém,"127,4",Quarta Parada,2593,2593,7878,5999,17654,1381,42266,42954,9397374,3624,1193,3000,1319,1139,135,0,2593,"15,3062771292701",153063,"0,12014346255314","-23,5466423922469","-46,5852303254012"
44,44,Alto da Mooca,36,São Paulo,54,Mooca,"141,65",Alto da Mooca,6583,6583,18350,4064,18042,4607,60317,61151,34154471,5188,1861,4100,2353,3866,364,0,6583,"10,6725295098374",106725,"0,075344366465495","-23,5655239883264","-46,5900111212069"
49,49,Ana Rosa,36,São Paulo,92,Vila Mariana,"94,46",Ana Rosa,5876,5876,13386,6182,20009,3929,60199,60827,35963758,6120,2687,4600,2659,2464,752,0,5876,"24,1508188470803",241508,"0,255672441743386","-23,5789121963436","-46,6346260159157"
105,105,Vila Hamburguesa,36,São Paulo,90,Vila Leopoldina,"149,18",Vila Hamburguesa,5319,5319,14439,6369,16513,6959,47705,48599,41886229,7875,2901,6843,378,3468,1325,148,5319,"26,8707485215124",268707,"0,180122995854085","-23,5332674916784","-46,7265767789906"
45,45,Parque da Mooca,36,São Paulo,54,Mooca,"381,42",Parque da Mooca,11979,11979,33271,5703,33482,12166,98720,97369,59888652,4999,1800,4860,3630,4600,3315,433,11979,"53,007024900294",530070,"0,138972851188438","-23,5673149289769","-46,5977792005395"
47,47,Vila Bertioga,36,São Paulo,1,Água Rasa,"195,28",Vila Bertioga,8194,8194,23003,2050,11977,9052,43442,43355,36475656,4452,1586,3500,2277,3824,1256,837,8194,"18,8202715808997",188203,"0,096375827431891","-23,5668496639208","-46,5786934118948"
62,62,Parque Ibirapuera,36,São Paulo,53,Moema,"283,7",Parque Ibirapuera,1993,1993,4565,652,19995,2086,48737,48606,14401170,7226,3155,6592,321,1205,403,64,1993,"140,25933787616",1402593,"0,494393154304405","-23,584578269044","-46,6564158991687"
64,64,Moema,36,São Paulo,53,Moema,"175,13",Moema,14875,14875,33386,3990,41272,15218,104606,106168,117341373,7888,3515,6483,3110,8249,3245,270,14875,"37,9289899610278",379290,"0,216576200314211","-23,605746483177","-46,6590929714091"
76,76,Jardins,36,São Paulo,44,Jardim Paulista,"237,7",Jardins,4291,4291,10908,1218,23679,5685,50711,50644,47487904,11067,4353,8047,609,2333,955,394,4291,"85,6059704428629",856060,"0,360142913095763","-23,5729511420832","-46,6680205352827"
78,78,Oscar Freire,36,São Paulo,44,Jardim Paulista,"100,01",Oscar Freire,9508,9508,20776,457,24932,7501,58220,58334,62523454,6576,3009,6361,2743,5561,1204,0,9508,"18,6964140193789",186964,"0,186945445649224","-23,5639776285122","-46,666703726576"
81,81,Jardim Europa,36,São Paulo,63,Pinheiros,"308,02",Jardim Europa,4839,4839,12650,697,41641,6976,87421,87756,61141786,12635,4833,10541,582,2106,1792,358,4839,"120,531372302571",1205314,"0,391310214604802","-23,5755444519197","-46,684368505126"
83,83,Vila Madalena,36,São Paulo,63,Pinheiros,"219,31",Vila Madalena,9703,9703,22275,5506,27801,8227,90156,90207,73973907,7624,3321,6143,3266,5017,1209,210,9703,"60,0014161851406",600014,"0,273591793284121","-23,5540896802645","-46,6888210483442"
88,88,Perdizes,36,São Paulo,61,Perdizes,"168,45",Perdizes,18965,18965,45356,5280,24113,15820,103953,104612,145167501,7654,3201,6843,6120,10055,2682,108,18965,"28,7705728084177",287706,"0,170795920501144","-23,5352734222647","-46,6809358486138"
89,89,Vila Anglo Brasileira,36,São Paulo,61,Perdizes,"79,12",Vila Anglo Brasileira,5505,5505,13993,660,5442,5443,20619,20846,40201894,7303,2873,5224,1554,2721,1090,140,5505,"10,7499686739271",107500,"0,135869169286237","-23,5388109927544","-46,693584700142"
95,95,Vila Beatriz,36,São Paulo,2,Alto de Pinheiros,"183,66",Vila Beatriz,6941,6941,17657,3871,9649,7406,42510,42411,51525371,7423,2918,5820,1543,3920,1117,362,6941,"54,7783667662992",547784,"0,29825964699063","-23,5473302285367","-46,7004538971429"
96,96,Alto de Pinheiros,36,São Paulo,2,Alto de Pinheiros,"253,17",Alto de Pinheiros,2370,2370,7211,3765,11979,3355,33927,33761,28016974,11822,3885,8493,228,1169,842,131,2370,"103,815045678119",1038150,"0,410060614125366","-23,5525899228599","-46,7090288806461"
99,99,Lapa de Baixo,36,São Paulo,48,Lapa,"242,69",Lapa de Baixo,3023,3174,8120,1790,22936,2429,43636,43479,15283624,4815,1882,3790,1197,1461,516,0,3174,"38,2848872022992",382849,"0,157752223834106","-23,5140135836831","-46,7002806260707"
100,100,Lapa,36,São Paulo,48,Lapa,"225,22",Lapa,7394,7394,19354,17373,40417,5698,149671,149661,50817249,6873,2626,4689,2876,3586,697,235,7394,"23,4628402546949",234628,"0,104177427647167","-23,5236296449025","-46,6997069206129"
101,101,Vila Ipojuca,36,São Paulo,48,Lapa,"168,47",Vila Ipojuca,8354,8354,21858,3688,10991,6746,47543,46915,62553148,7488,2862,7000,3103,3784,1360,108,8354,"31,6741532409702",316742,"0,188010644274768","-23,5335395524081","-46,7000772467291"
102,102,Alto da Lapa,36,São Paulo,48,Lapa,"159,95",Alto da Lapa,4763,4805,12643,3137,8176,6115,31747,32175,35297260,7346,2792,5820,534,2724,1335,212,4805,"47,3938455572624",473938,"0,296304129773444","-23,5306048701377","-46,7130680890165"
110,110,Pirituba,36,São Paulo,64,Pirituba,"488,92",Pirituba,18164,18164,50451,10863,17121,11395,90592,91545,75219430,4141,1491,4084,8427,8406,903,429,18164,"121,136735396929",1211367,"0,247763919244312","-23,497409060448","-46,7186666136828"
130,130,Zaki Narchi,36,São Paulo,71,Santana,"71,32",Zaki Narchi,909,909,3274,934,3859,258,9669,9662,2542685,2797,777,2202,681,212,8,8,909,"26,4667020081918",264667,"0,371097896918","-23,5070622113749","-46,6197695404592"
113,113,Vila Jaguara,36,São Paulo,39,Jaguara,"454,34",Vila Jaguara,8078,8078,24154,7036,18372,7529,57544,57575,31872352,3946,1320,3391,2356,4085,1637,0,8078,"99,2624694707692",992625,"0,218476184070892","-23,5110352779835","-46,7471584890118"
117,117,Parque Morro Doce,36,São Paulo,3,Anhanguera,"1527,16",Parque Morro Doce,21235,21514,64095,12209,16538,11299,59858,60161,54577629,2537,852,2436,10398,10051,1064,0,21514,"1082,4928298166",10824928,"0,708827385353599","-23,4376430251917","-46,8015061831217"
118,118,Anhanguera,36,São Paulo,3,Anhanguera,"1812,79",Anhanguera,5392,5392,16752,3387,4007,4078,21676,22055,16371010,3036,977,3000,2200,2550,509,133,5392,"1622,09174161352",16220917,"0,894803999146904","-23,4242495087556","-46,7858772844178"
119,119,Perus,36,São Paulo,62,Perus,"2369,13",Perus,26735,26735,87246,24446,13969,13252,110913,111879,63643344,2381,729,2037,14595,10832,1308,0,26735,"1533,79784109012",15337978,"0,647409741588735","-23,4079590859791","-46,7459480979381"
122,122,Vila Souza,36,São Paulo,11,Brasilândia,"220,86",Vila Souza,15428,15428,49953,8100,9610,5885,72394,72941,30546821,1980,612,1600,10380,4343,704,0,15428,"57,4063125639467",574063,"0,259921726722569","-23,4541350165895","-46,7060974233355"
132,132,Parque Anhembi,36,São Paulo,71,Santana,"313,52",Parque Anhembi,0,0,0,2324,3871,0,14652,14874,0,0,0,0,0,0,0,0,0,"156,796471006769",1567965,"0,500116327528608","-23,5116823317372","-46,6386409945207"
136,136,Casa Verde,36,São Paulo,21,Casa Verde,"325,35",Casa Verde,11225,11225,32570,10752,23471,8835,90249,90271,46970261,4184,1442,3254,4279,5402,1399,145,11225,"41,2092686494213",412093,"0,126661345164965","-23,508384137317","-46,6603991133393"
133,133,Alfredo Pujol,36,São Paulo,71,Santana,"215,07",Alfredo Pujol,13684,13684,36442,8596,20366,11400,91464,92117,96547251,7055,2649,4949,5647,5073,2822,142,13684,"23,7758142530432",237758,"0,11054918981282","-23,4984769588196","-46,6325593089835"
134,134,Santa Terezinha,36,São Paulo,71,Santana,"251,08",Santa Terezinha,10038,10038,28827,9580,14706,8768,74018,72693,56586447,5637,1963,4689,3136,4927,1975,0,10038,"38,3999102818878",383999,"0,152938944885645","-23,4904811002393","-46,6383537358594"
165,165,Coroa,36,São Paulo,88,Vila Guilherme,"174,39",Coroa,1075,1075,3184,3965,14333,603,37176,37562,4227697,3933,1328,3213,520,507,48,0,1075,"16,964114126967",169641,"0,097276874402013","-23,513647557904","-46,6137219468369"
137,137,Parque Peruche,36,São Paulo,21,Casa Verde,"391,87",Parque Peruche,17062,17062,53439,7935,20887,11768,106219,106878,70240860,4117,1314,3778,7384,7692,1722,265,17062,"47,9433999674383",479434,"0,122345165405462","-23,4948364612462","-46,6548423445695"
143,143,Reserva da Cantareira,36,São Paulo,13,Cachoeirinha,"436,61",Reserva da Cantareira,0,0,0,0,0,0,0,0,0,0,0,0,0,0,0,0,0,"419,279847845909",4192798,"0,960307477716747","-23,4347359207493","-46,663047618206"
144,144,Mandaqui,36,São Paulo,51,Mandaqui,"552,45",Mandaqui,36483,36483,104526,11677,30090,29568,163855,163687,175282148,4804,1677,3391,13746,18563,3511,663,36483,"82,1109672409765",821110,"0,148630586009551","-23,4768509989583","-46,6383358148958"
145,145,Horto Florestal,36,São Paulo,51,Mandaqui,"342,18",Horto Florestal,1504,1575,4480,3544,2392,1398,19530,20272,8057632,5117,1799,4443,320,1144,111,0,1575,"259,273397849024",2592734,"0,757710555406582","-23,4578589616904","-46,641486125898"
152,152,Parada Inglesa,36,São Paulo,84,Tucuruvi,"242,67",Parada Inglesa,12154,12154,35169,12759,14573,6875,79982,79456,44538817,3665,1266,3500,5650,6021,483,0,12154,"21,0998285633099",210998,"0,086948648631104","-23,4859015896658","-46,6035088309715"
161,161,Parque Novo Mundo,36,São Paulo,91,Vila Maria,"551,36",Parque Novo Mundo,14724,14724,47297,6425,33206,8274,122575,121963,38908774,2643,823,2200,6881,7598,245,0,14724,"100,163027049439",1001630,"0,181665385681658","-23,5165918499927","-46,569435448182"
153,153,Tucuruvi,36,São Paulo,84,Tucuruvi,"358,5",Tucuruvi,5703,5703,16284,8218,10765,5640,41115,41426,37593002,6592,2309,5700,1547,3117,723,316,5703,"186,209223229475",1862092,"0,519412059217504","-23,4699751180884","-46,6162614664184"
154,154,Vila Gustavo,36,São Paulo,84,Tucuruvi,"345,8",Vila Gustavo,15797,15797,45465,9330,17162,13605,101086,100300,69511477,4400,1529,3200,4983,8511,2120,182,15797,"32,9846596107661",329847,"0,095386522876709","-23,474356137437","-46,5971580040269"
155,155,Cohab Jova Rural,36,São Paulo,38,Jaçanã,"254,58",Cohab Jova Real,9265,9265,32242,3982,6320,4587,42598,42604,25706247,2775,797,2500,5768,2749,517,231,9265,"84,7707277076879",847707,"0,332982668346641","-23,4485466495004","-46,5734214963562"
314,314,Adventista,36,São Paulo,19,Capão Redondo,"545,26",Adventista,34690,34690,105255,34577,27777,12617,186306,186290,104702375,3018,995,2453,22886,10946,858,0,34690,"117,005799537935",1170058,"0,21458716857634","-23,6775315583968","-46,7846305916811"
158,158,Vila Medeiros,36,São Paulo,94,Vila Medeiros,"335,02",Vila Medeiros,19961,19961,60459,8069,7928,9458,74903,75869,83100701,4163,1374,3580,11547,7011,1403,0,19961,"15,0272569313724",150273,"0,044854805478397","-23,4899017947957","-46,5868626993466"
162,162,Vila Maria,36,São Paulo,91,Vila Maria,"234,12",Vila Maria,5467,5467,15842,22073,17823,3457,68261,68767,18935666,3464,1195,3044,2446,2683,319,19,5467,"13,7834790117549",137835,"0,058873564888753","-23,5185893986218","-46,5901100619145"
159,159,Jardim Brasil,36,São Paulo,94,Vila Medeiros,"454,37",Jardim Brasil,20206,20206,64171,9562,29203,10555,101954,100394,60988863,3018,950,2589,11392,6772,2042,0,20206,"62,1503185048846",621503,"0,136783499141415","-23,4878689752473","-46,5706291421407"
164,164,Vila Guilherme,36,São Paulo,88,Vila Guilherme,"170,9",Vila Guilherme,1879,1879,5849,2435,10506,1182,25920,25735,6512056,3466,1113,3500,815,943,120,0,1879,"16,0538336497966",160538,"0,093937002046791","-23,5191581859962","-46,6022188249106"
163,163,Vila Isolina Mazzei,36,São Paulo,88,Vila Guilherme,"379,5",Vila Isolina Mazzei,16125,16125,47519,6509,17319,13020,96569,97522,73999513,4589,1557,3778,4872,9172,1151,930,16125,"42,5014306248156",425014,"0,111993229577907","-23,5027346294175","-46,60360406054"
170,170,Penha,36,São Paulo,60,Penha,"384,16",Penha,11594,11594,34693,12887,19867,7112,97701,97305,40665017,3507,1172,3000,5596,5283,477,238,11594,"57,6948124609648",576948,"0,150184330645993","-23,5214457854162","-46,5485451823004"
171,171,Tiquatira,36,São Paulo,60,Penha,"324,46",Tiquatira,14372,14372,40666,7653,14810,9459,81281,81162,48743936,3392,1199,2715,7290,5267,1466,348,14372,"46,8224547846075",468225,"0,144308866376772","-23,5223128019616","-46,5323806669125"
179,179,USP Leste II,36,São Paulo,28,Ermelino Matarazzo,"122,83",USP Leste II,0,0,0,0,0,0,0,0,0,0,0,0,0,0,0,0,0,"93,3469817411119",933470,"0,75996891428081","-23,4794809840623","-46,4838927436172"
185,185,Laranja da China,36,São Paulo,89,Vila Jacuí,"131,72",Laranja da China,9672,9672,29129,4836,5015,4831,29802,29892,19764933,2044,679,1900,5079,4464,129,0,9672,"17,3454687688577",173455,"0,131684396969767","-23,5088109948708","-46,464321249968"
178,178,USP Leste I,36,São Paulo,18,Cangaíba,"50,18",USP Leste I,0,0,0,2954,1289,0,3889,3949,0,0,0,0,0,0,0,0,0,"27,3056814058517",273057,"0,544154671300352","-23,4841475390833","-46,5020496286787"
180,180,Ermelino Matarazzo,36,São Paulo,28,Ermelino Matarazzo,"448,82",Ermelino Matarazzo,22958,23550,71109,11591,14445,17403,120369,119763,74811502,3177,1052,2500,9944,10201,3405,0,23550,"87,8321015510892",878321,"0,195695605256203","-23,4904107090086","-46,4906895982115"
181,181,Parque Buturussu,36,São Paulo,28,Ermelino Matarazzo,"371,83",Parque Buturussu,15110,15575,46600,12626,12719,9224,79906,82542,49148287,3156,1055,2500,7383,7129,1063,0,15575,"50,343062232642",503431,"0,135392685454756","-23,4962035029133","-46,4771581116541"
187,187,Parque Cruzeiro do Sul,36,São Paulo,89,Vila Jacuí,"249,91",Parque Cruzeiro do Sul,15290,15290,48263,8887,9959,6777,62944,63153,36903075,2414,765,2453,8666,6624,0,0,15290,"39,1101647347084",391102,"0,156496997858063","-23,4903331873919","-46,4622964244048"
182,182,Ponte Rasa,36,São Paulo,65,Ponte Rasa,"365,36",Ponte Rasa,15499,15499,46946,9526,17054,11945,63922,65454,56148793,3623,1196,3391,5164,9217,822,296,15499,"25,7846194699061",257846,"0,07057318663758","-23,5139404589327","-46,5016815888914"
183,183,Burgo Paulista,36,São Paulo,65,Ponte Rasa,"291,63",Burgo Paulista,13918,13918,43659,12608,7808,8787,68115,67707,43291934,3110,992,2589,6631,6162,948,177,13918,"24,7840210077788",247840,"0,084984470074337","-23,5178205668094","-46,4838593160379"
236,236,Ipiranga,36,São Paulo,33,Ipiranga,"91,94",Ipiranga,4707,4707,12057,5439,10921,3846,42348,42469,30379988,6454,2520,6500,1802,2085,784,35,4707,"8,11191483928191",81119,"0,088230529032868","-23,5878521373204","-46,6027054204534"
242,242,Vila Carioca,36,São Paulo,33,Ipiranga,"249,11",Vila Carioca,8705,8705,27112,1670,12535,3447,52620,52063,27133286,3117,1001,2453,5336,3369,0,0,8705,"55,7907482679506",557907,"0,223960291710291","-23,6024133262963","-46,588778958015"
189,189,Parada XV,36,São Paulo,36,Itaquera,"324,46",Parada XV,16044,16044,48725,13114,10694,8411,90505,91951,45770536,2853,939,2589,8729,6675,374,266,16044,"42,7776665230835",427777,"0,131842650937199","-23,5341775702402","-46,4421096439884"
238,238,Alto do Ipiranga,36,São Paulo,33,Ipiranga,"160,81",Alto do Ipiranga,6987,6987,19260,3209,11313,4666,43596,43749,33365336,4775,1732,4000,3302,2736,838,111,6987,"17,5690084814196",175690,"0,109253208640132","-23,6025560293591","-46,6094620825316"
190,190,Itaquera,36,São Paulo,36,Itaquera,"283,17",Itaquera,10820,10820,33748,13850,15390,8099,84631,83667,39790970,3678,1179,3213,4159,5407,1254,0,10820,"47,9763149551843",479763,"0,169425839443388","-23,547265056412","-46,4537120801033"
191,191,Arena Corinthians,36,São Paulo,36,Itaquera,"140,29",Arena Corinthians,0,0,0,3030,8687,0,28462,28375,0,0,0,0,0,0,0,0,0,"34,3114491600589",343114,"0,244575159740957","-23,5448986552669","-46,4692296939276"
192,192,Vila Campanela,36,São Paulo,36,Itaquera,"230,53",Vila Campanela,11982,12491,38953,7253,9378,9074,51718,51557,45752496,3663,1175,3580,5349,5910,913,318,12491,"22,9592827612362",229593,"0,099593470529806","-23,5338680297988","-46,4657749785404"
194,194,Parque Guarani,36,São Paulo,36,Itaquera,"126,45",Parque Guarani,7687,7687,25845,7582,4852,3777,33942,34318,17742547,2308,686,2150,4408,2811,468,0,7687,"16,3518666948882",163519,"0,129314880940199","-23,5235281591564","-46,4592199526525"
195,195,Rio Verde,36,São Paulo,36,Itaquera,"238,76",Rio Verde,12109,12109,37047,6148,6255,6687,48318,48275,36078981,2980,974,2300,5954,5519,637,0,12109,"22,5058870227762",225059,"0,094261547255722","-23,5230108384675","-46,4506176578942"
240,240,Vila Monumento,36,São Paulo,33,Ipiranga,"165,19",Vila Monumento,7240,7240,19389,4597,19037,6189,55955,56191,37322481,5155,1925,4209,2159,4172,553,356,7240,"28,3497903855878",283498,"0,17161928921598","-23,5773835534005","-46,6100213051723"
200,200,Jardim Romano,36,São Paulo,43,Jardim Helena,"230,77",Jardim Romano,10206,10402,33296,5687,9162,6295,52723,52682,28123781,2704,845,2454,5045,4763,392,202,10402,"54,3784747511574",543785,"0,235639271790776","-23,484832717468","-46,3918246525074"
203,203,Lajeado,36,São Paulo,47,Lajeado,"276,95",Lageado,17865,18029,57057,10532,8840,8381,70238,69979,50075935,2777,878,2453,10165,7700,0,164,18029,"39,1676929947585",391677,"0,141425141703407","-23,5298252316831","-46,4232983607585"
251,251,Vila Gumercindo,36,São Paulo,27,Cursino,"137,19",Vila Gumercindo,9142,9142,24384,7736,11653,7615,38478,39433,39511306,4322,1620,3778,2572,5223,1348,0,9142,"15,8643842814002",158644,"0,115638051471683","-23,6023451330785","-46,6197254995712"
206,206,Itaim Paulista,36,São Paulo,35,Itaim Paulista,"302,19",Itaim Paulista,15181,15181,45915,15804,15898,5533,101484,101054,37151617,2447,809,1976,9772,5409,0,0,15181,"25,1825431109995",251825,"0,083333475995233","-23,5030989441763","-46,3977830626844"
207,207,Jardim das Oliveiras,36,São Paulo,35,Itaim Paulista,"460,11",Jardim das Oliveiras,24675,24675,79026,16946,16008,11138,130680,130223,66210752,2683,838,2437,15253,7957,1465,0,24675,"47,9507020301929",479507,"0,104215735433251","-23,4950569341314","-46,3825202465381"
211,211,Vila Formosa,36,São Paulo,87,Vila Formosa,"417,48",Vila Formosa,20726,20726,62162,4729,20496,14894,110104,111367,71629082,3456,1152,3213,8484,9925,2316,0,20726,"38,4909170421609",384909,"0,092198229956311","-23,5732427296281","-46,5392112941956"
212,212,Barreira Grande,36,São Paulo,4,Aricanduva,"280,1",Barreira Grande,13676,13676,42022,8951,8750,4772,54320,54433,35904220,2625,854,2202,9081,4307,288,0,13676,"35,472118621978",354721,"0,12664090903955","-23,5809749972282","-46,5164738647496"
213,213,Aricanduva,36,São Paulo,4,Aricanduva,"406,17",Aricanduva,14589,14589,44558,10422,21845,11265,86223,86003,52025945,3566,1168,3044,5282,7603,1704,0,14589,"32,6415774780635",326416,"0,080364323997497","-23,5690340017048","-46,5151562494055"
214,214,Frei Mont'Alverne,36,São Paulo,93,Vila Matilde,"225,2",Frei Mont'Alverne,8764,8764,26032,12109,12390,4739,51074,52448,23635239,2697,908,2453,5171,2554,1039,0,8764,"19,7729720846194",197730,"0,087801829860655","-23,5395668277685","-46,5336328710818"
268,268,Joaquim Nabuco,36,São Paulo,15,Campo Belo,"198,44",Joaquim Nabuco,4976,5002,13975,2803,11067,5224,39785,39785,46548942,9307,3331,6843,1350,2178,1341,133,5002,"64,1434489144765",641434,"0,323238504910686","-23,6304318613769","-46,6779382953718"
215,215,Vila Matilde,36,São Paulo,93,Vila Matilde,"330,17",Vila Matilde,13295,13295,39195,8214,18172,7490,73482,74385,43873794,3300,1119,2884,6564,6140,591,0,13295,"34,6753246870998",346753,"0,105022638904503","-23,5424506672153","-46,518593126392"
216,216,Cidade Patriarca,36,São Paulo,93,Vila Matilde,"336,5",Cidade Patriarca,13478,13478,40288,11045,12417,7203,69576,70143,48744009,3617,1210,2954,7897,4438,828,316,13478,"39,6038389148406",396038,"0,117693429167431","-23,5364663881154","-46,5074791793564"
217,217,Cidade A.E.Carvalho,36,São Paulo,5,Artur Alvim,"265,77",Cidade A.E.Carvalho,11042,11291,33081,7916,10832,7415,64014,64451,41380618,3665,1251,3500,4746,5678,866,0,11291,"29,925444753651",299254,"0,112599032071532","-23,5330452780626","-46,4814070290131"
269,269,Vieira de Moraes,36,São Paulo,15,Campo Belo,"171,28",Vieira de Moraes,8526,8526,21459,2470,18354,10426,67022,66337,70855909,8311,3302,7300,1349,4137,2910,130,8526,"35,5153177002783",355153,"0,207352391991349","-23,6235139067209","-46,6728575164196"
218,218,Artur Alvim,36,São Paulo,5,Artur Alvim,"387,27",Artur Alvim,23556,23556,68334,14861,18624,12883,135557,135389,71771424,3047,1050,3033,12597,8945,1524,490,23556,"51,1186980280484",511187,"0,13199756766093","-23,5451020891259","-46,4888941067533"
291,291,Jardim Presidente,36,São Paulo,23,Cidade Dutra,"762,54",Jardim Presidente,24259,24259,75809,20928,18070,16338,133199,132646,84328968,3476,1112,2937,10550,11449,2260,0,24259,"275,866022926252",2758660,"0,361772527246114","-23,7454931219845","-46,7121936453796"
222,222,Vila Carmosina,36,São Paulo,58,Parque do Carmo,"343,76",Vila Carmosina,14493,15229,44512,8774,16764,12347,78105,78807,59202119,3887,1330,2884,4730,9174,1079,245,15229,"49,669285051993",496693,"0,144488262310894","-23,5651743950434","-46,4693384553067"
225,225,Gleba do Pêssego,36,São Paulo,46,José Bonifácio,"1028,47",Gleba do Pêssego,10178,10178,31818,6822,11991,6039,52438,52215,26664495,2620,838,2453,5234,4548,114,282,10178,"676,731673907288",6767317,"0,657998457813342","-23,5758490711672","-46,4319424138471"
227,227,Guaianases,36,São Paulo,31,Guaianases,"472,34",Guaianases,20519,20519,63969,15098,15793,11502,91367,91148,59215972,2886,926,2700,9276,11243,0,0,20519,"95,8714961864788",958715,"0,202971368477111","-23,5512929707309","-46,4147358909099"
228,228,Juscelino Kubitschek,36,São Paulo,31,Guaianases,"418,82",Juscelino Kubitschek,14012,14154,44320,8074,8814,5365,59400,60518,36733263,2595,829,2086,8910,5244,0,0,14154,"172,96969478989",1729697,"0,412992920084739","-23,5621132465234","-46,3976576839465"
229,229,Cidade Tiradentes,36,São Paulo,25,Cidade Tiradentes,"953,59",Cidade Tiradentes,48217,48531,152866,39971,31893,17541,245669,246269,114926868,2368,752,2086,32944,14345,929,314,48531,"370,516089290978",3705161,"0,388548631268132","-23,5782557589902","-46,403882810696"
230,230,Santa Etelvina,36,São Paulo,25,Cidade Tiradentes,"541,3",Santa Etelvina,25065,25719,77122,23503,13952,10109,121194,119151,69775120,2713,905,2324,16567,8166,986,0,25719,"251,290977171714",2512910,"0,464236056108838","-23,5960772172847","-46,3954580996819"
232,232,Iguatemi,36,São Paulo,32,Iguatemi,"498,47",Iguatemi,13059,13059,42214,13531,9556,7739,74969,75002,41288946,3162,978,2884,5496,7132,431,0,13059,"193,205610159885",1932056,"0,387597267959728","-23,6077840699091","-46,4345981201021"
248,248,Parque do Estado,36,São Paulo,27,Cursino,"445,41",Parque do Estado,0,0,0,0,2132,0,5983,5983,0,0,0,0,0,0,0,0,0,"388,504425077732",3885044,"0,872240014992326","-23,6513105644017","-46,6229241247605"
254,254,Orfanato,36,São Paulo,95,Vila Prudente,"354,26",Orfanato,12252,12252,34074,26826,22117,10150,105170,105744,64755291,5285,1900,4000,4964,5126,1926,236,12252,"57,4468043056184",574468,"0,16216000763738","-23,5839587549322","-46,576455755693"
270,270,Campo Belo,36,São Paulo,15,Campo Belo,"138,57",Campo Belo,3668,3668,9294,1755,9812,4139,27524,27473,23055309,6286,2481,5224,522,2178,701,268,3668,"29,1693953487729",291694,"0,210502961310333","-23,6179690034554","-46,6689131983304"
255,255,Vila Zelina,36,São Paulo,95,Vila Prudente,"492,94",Vila Zelina,22919,22919,65501,12827,21020,20963,129760,129208,79010452,3447,1206,2930,5601,14145,3172,0,22919,"56,4256283388191",564256,"0,114467538318698","-23,5989838289665","-46,5665351148191"
259,259,Vila Cardoso Franco,36,São Paulo,78,Sapopemba,"163,88",Vila Cardoso Franco,12351,12351,37944,4461,10758,7650,48732,48580,32172593,2605,848,2700,6525,4175,1651,0,12351,"17,36286202862",173629,"0,105948633320845","-23,6176516303135","-46,5083883676282"
271,271,Congonhas,36,São Paulo,15,Campo Belo,"179,42",Congonhas,0,0,0,139,13426,0,22796,22402,0,0,0,0,0,0,0,0,0,"63,947433060337",639474,"0,356411955525231","-23,6277980440489","-46,6566862609637"
260,260,Parque Santa Madalena,36,São Paulo,78,Sapopemba,"204,85",Parque Santa Madalena,14948,14948,46025,6144,8903,6653,56969,56645,40049153,2679,870,2500,9546,4540,623,239,14948,"13,5605593495951",135606,"0,066197507198414","-23,6084673921441","-46,5162976565718"
300,300,Granja Julieta,36,São Paulo,72,Santo Amaro,"616,88",Granja Julieta,13227,13439,34905,35867,101042,14757,268798,270427,114325555,8507,3275,6143,2496,7463,3480,0,13439,"150,050496900647",1500505,"0,243240981877589","-23,6344996264297","-46,7066483291447"
261,261,Jardim Colorado,36,São Paulo,78,Sapopemba,"320,26",Jardim Colorado,18514,18514,56316,7100,12018,13441,84470,84449,60781258,3283,1079,3213,8139,7999,2183,193,18514,"20,0309556170689",200310,"0,062545917745172","-23,5938852058642","-46,5249402634621"
263,263,Fazenda da Juta,36,São Paulo,78,Sapopemba,"329,57",Fazenda da Juta,19766,19766,63212,14589,15372,11387,116249,115682,49310454,2495,780,2200,10417,7569,1780,0,19766,"56,9963668766665",569964,"0,172941611422965","-23,6165566565868","-46,4934023092603"
272,272,Jardim Aeroporto,36,São Paulo,15,Campo Belo,"198,55",Jardim Aeroporto,7134,7134,19506,3554,13028,5875,41280,41859,32664685,4579,1675,4209,1922,4659,553,0,7134,"27,6062120137949",276062,"0,139039093496826","-23,6370418814757","-46,663101094838"
287,287,Parque Interlagos,36,São Paulo,81,Socorro,"935,66",Parque Interlagos,9172,9357,27277,7657,14732,8770,70743,69619,50855411,5435,1864,3580,2494,5423,1171,269,9357,"210,462337486357",2104623,"0,224934631689243","-23,6909438292233","-46,7133867658813"
273,273,Vila Santa Catarina,36,São Paulo,37,Jabaquara,"325,71",Vila Santa Catarina,21766,21766,61476,7720,27078,16786,118441,119859,93456674,4294,1520,3213,7336,12452,1978,0,21766,"37,9570291123484",379570,"0,116536271874822","-23,6499350061688","-46,6602638479188"
274,274,Jabaquara,36,São Paulo,37,Jabaquara,"288,72",Jabaquara,13238,13238,35826,11567,34389,12529,135926,134492,69062057,5217,1928,3988,4494,5623,2740,381,13238,"39,7719050057736",397719,"0,1377525111034","-23,6438606730002","-46,6468219461275"
275,275,Cidade Vargas,36,São Paulo,37,Jabaquara,"347,45",Cidade Vargas,14450,14450,38239,12671,24388,11997,113179,112412,85704103,5931,2241,4949,5171,7069,1971,238,14450,"85,514736465579",855147,"0,246120985654278","-23,640859396022","-46,6347574771189"
278,278,Jardim Miriam,36,São Paulo,22,Cidade Ademar,"513,94",Jardim Miriam,44813,44993,138839,22532,21666,19502,209678,209824,120129463,2670,865,2500,26994,15671,2328,0,44993,"40,5095659542256",405096,"0,078821586088309","-23,6788410310243","-46,6446043320487"
280,280,Jurubatuba,36,São Paulo,16,Campo Grande,"482,59",Jurubatuba,7300,7300,20114,11245,28167,6565,78495,78829,40064239,5488,1992,4443,3023,2194,1954,129,7300,"133,184823007572",1331848,"0,275979243265654","-23,6710095863456","-46,6968590052074"
290,290,SESC Interlagos,36,São Paulo,23,Cidade Dutra,"736,48",SESC Interlagos,17283,17283,56065,8959,9715,7440,89885,90077,50471812,2920,900,2733,10300,6618,366,0,17283,"231,088442198602",2310884,"0,313774226317893","-23,7179617260854","-46,6799750548042"
282,282,Campo Grande,36,São Paulo,16,Campo Grande,"272,36",Campo Grande,11639,11749,33790,10041,22802,9296,86888,86725,41280190,3513,1222,3200,3944,6525,1280,0,11749,"56,1815462227343",561815,"0,206276788892401","-23,680055540939","-46,6755263851654"
284,284,Mar Paulista,36,São Paulo,59,Pedreira,"548,66",Mar Paulista,16660,16660,51001,14011,13017,9405,81974,82308,54448823,3268,1068,2800,8752,6357,1551,0,16660,"137,25843911236",1372584,"0,250170304218205","-23,6966789215993","-46,6643648639956"
285,285,Pedreira,36,São Paulo,59,Pedreira,"1302,69",Pedreira,34131,34131,106280,19409,27386,12170,169615,170041,85807284,2514,807,2202,22311,11478,342,0,34131,"489,841261059021",4898413,"0,376022891907531","-23,7111489199649","-46,6438060188652"
286,286,Vila Socorro,36,São Paulo,81,Socorro,"293,26",Vila Socorro,3296,3353,9119,4957,19341,2167,50861,50509,14017248,4181,1537,3778,1657,1407,155,134,3353,"64,5034226372812",645034,"0,219953019972997","-23,6685956319429","-46,7153822522308"
288,288,Jardim Represa,36,São Paulo,23,Cidade Dutra,"783,73",Jardim Represa,7074,7074,21830,13030,8850,2541,49835,50035,21106098,2984,967,2884,4868,1775,344,87,7074,"285,213368945625",2852134,"0,363917891296269","-23,7243550879133","-46,7163833082467"
289,289,Rio Bonito,36,São Paulo,23,Cidade Dutra,"495,82",Rio Bonito,15255,15255,47549,12315,21065,10137,94814,95685,59684601,3912,1255,3570,7351,5018,2429,457,15255,"131,661858796194",1316619,"0,265543662611823","-23,7094010183304","-46,6963380662465"
295,295,Belmira Marin,36,São Paulo,30,Grajaú,"1236,83",Belmira Marin,35636,36044,114180,26972,19585,22070,169462,169379,103827502,2881,909,2700,17390,16573,1245,836,36044,"454,91490970255",4549149,"0,367807143829427","-23,7698418262968","-46,6786724918769"
297,297,Jaceguava,36,São Paulo,56,Parelheiros,"3512,69",Jaceguava,951,951,2907,357,798,1150,4098,4333,4401336,4628,1514,3000,170,398,384,0,951,"2858,95954480409",28589595,"0,813894634825189","-23,776738948886","-46,760825171272"
298,298,Parelheiros,36,São Paulo,56,Parelheiros,"11667,08",Parelheiros,44913,45386,145648,42621,27668,16043,220424,220190,105964135,2335,728,2086,28600,16526,0,261,45386,"9696,76888148618",96967689,"0,831122172941831","-23,8462016137315","-46,7031340213016"
299,299,Marsilac,36,São Paulo,52,Marsilac,"20795,96",Marsilac,2621,2621,8363,882,2186,1672,10429,10131,6803581,2596,814,2000,1507,668,371,74,2621,"20159,1728013208",201591728,"0,96937928334738","-23,9350926537599","-46,7079795367914"
302,302,Santo Amaro,36,São Paulo,72,Santo Amaro,"257,11",Santo Amaro,5985,5985,16387,19234,29702,6176,119538,120132,53180250,8886,3245,8047,1057,2950,1556,421,5985,"73,7964132441619",737964,"0,287022726631255","-23,6518710165771","-46,7000748372217"
307,307,Jardim Capela,36,São Paulo,42,Jardim Ângela,"2022,05",Jardim Capela,32819,32819,104416,19846,24146,20550,146468,145935,95524370,2911,915,2453,14901,16329,1009,580,32819,"801,341633371989",8013416,"0,396301591638183","-23,7311716244899","-46,7639070782813"
308,308,Riviera,36,São Paulo,42,Jardim Ângela,"798,79",Riviera,13756,13756,41879,16545,8285,1694,60820,61416,27755794,2018,663,1900,12285,1285,186,0,13756,"525,1571824904",5251572,"0,657440857409833","-23,7075724755749","-46,7736001835117"
309,309,Jardim Turquesa,36,São Paulo,42,Jardim Ângela,"282,87",Jardim Turquesa,21403,21551,65732,11781,12417,10542,78440,78526,57210531,2655,870,2453,13284,6159,2109,0,21551,"59,7000164845104",597000,"0,211051071108673","-23,6967123485457","-46,7871815743948"
316,316,Morumbi,36,São Paulo,55,Morumbi,"271,46",Morumbi,5711,5711,15560,5527,13918,7732,47001,47729,47603305,8335,3059,6843,555,2733,2114,309,5711,"115,332123068164",1153321,"0,424858627673191","-23,5889159694716","-46,7129486749178"
341,341,Jardim Caxingui,36,São Paulo,12,Butantã,"180,08",Jardim Caxingui,3866,3866,10541,3726,8790,3064,30016,29662,26052672,6739,2472,6710,905,2189,522,250,3866,"53,02863460043",530286,"0,294472648825133","-23,5792023003287","-46,7208470092245"
318,318,Fazenda Morumbi,36,São Paulo,55,Morumbi,"320,73",Fazenda Morumbi,7597,7597,22908,2224,13046,5237,47831,48146,38493236,5067,1680,4949,3382,2383,1705,126,7597,"133,238061974421",1332381,"0,415421263911768","-23,6071326331446","-46,7049808632277"
319,319,Real Parque,36,São Paulo,55,Morumbi,"223,42",Real Parque,3036,3036,9015,5351,20404,3690,39853,40061,28990363,9549,3216,6143,607,1629,496,305,3036,"98,7748713230254",987749,"0,442103980498726","-23,6047757068589","-46,7182027799511"
322,322,Vila Suzana,36,São Paulo,85,Vila Andrade,"300,5",Vila Suzana,14938,14938,39440,8490,20775,17032,83449,82279,92458026,6189,2344,5514,3023,7022,4763,131,14938,"107,758621510055",1077586,"0,358597742129968","-23,6261658983269","-46,7402890423097"
324,324,Jardim Mitsutani,36,São Paulo,17,Campo Limpo,"349,31",Jardim Mitsutani,23063,23063,71351,17783,22540,8929,97554,97998,59549142,2582,835,2086,15287,6824,952,0,23063,"58,022185285585",580222,"0,166105136656795","-23,643361343087","-46,7775243000086"
325,325,Pirajussara,36,São Paulo,17,Campo Limpo,"270,05",Pirajussara,13085,13514,40057,17381,11289,7520,87923,88567,49097341,3633,1226,3213,6693,6175,646,0,13514,"45,1356980997573",451357,"0,16713830068416","-23,6317136185328","-46,7647911540928"
326,326,Jardim Umarizal,36,São Paulo,17,Campo Limpo,"294,91",Jardim Umarizal,16960,16960,51055,9380,11396,9724,65954,64076,56473308,3330,1106,2884,8481,7541,852,86,16960,"65,5580124989167",655580,"0,22229837068569","-23,6229801467543","-46,7538111813553"
333,333,Raposo Tavares,36,São Paulo,66,Raposo Tavares,"271,34",Raposo Tavares,6690,6690,19965,3844,8580,4697,34489,34495,21228235,3173,1063,3044,2861,3068,761,0,6690,"133,726387976389",1337264,"0,492836986719204","-23,5837240167952","-46,7922145077415"
334,334,Rio Pequeno,36,São Paulo,68,Rio Pequeno,"245,75",Rio Pequeno,12117,12117,36683,8249,15381,5576,68189,68377,39698969,3276,1082,2500,7223,4235,659,0,12117,"48,8140472873119",488140,"0,198632949287129","-23,5691113268831","-46,7471213448605"
335,335,Jardim Ester Yolanda,36,São Paulo,68,Rio Pequeno,"264,93",Jardim Ester Yolanda,13398,13398,40378,7018,10114,9799,68772,68967,62682374,4678,1552,3580,5160,7074,726,438,13398,"51,2246794908892",512247,"0,193351751371642","-23,5782422047642","-46,758541191824"
